-- phpMyAdmin SQL Dump
-- version 5.1.1
-- https://www.phpmyadmin.net/
--
-- Host: 127.0.0.1
-- Generation Time: Aug 04, 2022 at 05:13 AM
-- Server version: 10.4.22-MariaDB
-- PHP Version: 8.1.0

SET SQL_MODE = "NO_AUTO_VALUE_ON_ZERO";
START TRANSACTION;
SET time_zone = "+00:00";


/*!40101 SET @OLD_CHARACTER_SET_CLIENT=@@CHARACTER_SET_CLIENT */;
/*!40101 SET @OLD_CHARACTER_SET_RESULTS=@@CHARACTER_SET_RESULTS */;
/*!40101 SET @OLD_COLLATION_CONNECTION=@@COLLATION_CONNECTION */;
/*!40101 SET NAMES utf8mb4 */;

--
-- Database: `appdb`
--

-- --------------------------------------------------------

--
-- Table structure for table `drillstring`
--

CREATE TABLE `drillstring` (
  `DS_ID` int(11) NOT NULL,
  `ProjectID` int(11) DEFAULT 0,
  `Description` varchar(255) DEFAULT NULL,
  `Bit_type` int(11) DEFAULT 0,
  `Bit_position` float DEFAULT 0,
  `Bit_Size` float DEFAULT 0,
  `Bit_TFA` float DEFAULT 0,
  `PWD_Distance` float DEFAULT 0,
  `PWD_Drop` float DEFAULT 0
) ENGINE=MyISAM DEFAULT CHARSET=utf8;

--
-- Dumping data for table `drillstring`
--

INSERT INTO `drillstring` (`DS_ID`, `ProjectID`, `Description`, `Bit_type`, `Bit_position`, `Bit_Size`, `Bit_TFA`, `PWD_Distance`, `PWD_Drop`) VALUES
(1, 1, 'BHA#1', 1, 5200, 6.5, 0.775, 100, 200),
(2, 1, 'BHA#2', 1, 8200, 8.25, 0.775, 1000, 20),
(3, 1, 'BHA#3', 1, 3200, 8.5, 0.775, 1000, 0),
(4, 2, 'BHA#1x2', 1, 6200, 6.45, 0.775, 500, 0),
(5, 3, 'BHA#1x3', 1, 5400, 6.35, 0.775, 0, 270),
(6, 4, 'BHA#1x4', 1, 2000, 6.25, 0.775, 200, 0),
(7, 5, 'BHA#1x5', 1, 3450, 6.5, 0.775, 150, 300),
(8, 6, 'BHA#1x6', 1, 5900, 6, 0.775, 0, 250);

-- --------------------------------------------------------

--
-- Table structure for table `ds_comp`
--

CREATE TABLE `ds_comp` (
  `Comp_ID` int(11) NOT NULL,
  `DS_ID` int(11) DEFAULT 0,
  `Description` varchar(255) DEFAULT NULL,
  `OD` float DEFAULT 0,
  `ID` float DEFAULT 0,
  `TJ` float DEFAULT 0,
  `Weight` float DEFAULT 0,
  `Lenght` float DEFAULT 0
) ENGINE=MyISAM DEFAULT CHARSET=utf8;

--
-- Dumping data for table `ds_comp`
--

INSERT INTO `ds_comp` (`Comp_ID`, `DS_ID`, `Description`, `OD`, `ID`, `TJ`, `Weight`, `Lenght`) VALUES
(1, 1, 'BHA', 8.25, 3.5, 9, 234, 200),
(2, 1, 'Motor', 8, 4, 9.45, 56.8, 34.87),
(3, 1, 'HWDP', 6, 3.6, 7, 67.3, 345.8),
(4, 1, 'DP', 5, 4, 6.25, 12, 567.7),
(5, 1, 'BHA', 8.25, 3.5, 9, 234, 200),
(6, 1, 'Motor', 8, 4, 9.45, 56.8, 34.87),
(7, 1, 'HWDP', 6, 3.6, 7, 67.3, 345.8),
(8, 2, 'DP', 5, 4, 6.25, 12, 567.7),
(9, 2, 'BHA', 8.25, 3.5, 9, 234, 200),
(10, 2, 'Motor', 8, 4, 9.45, 56.8, 34.87),
(11, 2, 'HWDP', 6, 3.6, 7, 67.3, 345.8),
(12, 2, 'DP', 5, 4, 6.25, 12, 567.7),
(13, 2, 'BHA', 8.25, 3.5, 9, 234, 200),
(14, 2, 'Motor', 8, 4, 9.45, 56.8, 34.87),
(15, 2, 'HWDP', 6, 3.6, 7, 67.3, 345.8),
(16, 4, 'DP', 5, 4, 6.25, 12, 567.7),
(17, 4, 'BHA', 8.25, 3.5, 9, 234, 200),
(18, 4, 'Motor', 8, 4, 9.45, 56.8, 34.87),
(19, 5, 'HWDP', 6, 3.6, 7, 67.3, 345.8),
(20, 5, 'DP', 5, 4, 6.25, 12, 567.7),
(25, 3, 'Stands DP HW 5\"', 5, 3, 6, 150, 268.04),
(26, 3, 'XO 4 1/2\" IF Box X 4 \" IF Pin', 6.5, 3.25, 7.5, 187.5, 3.01),
(27, 3, 'Gauge Carrier', 6.25, 3, 7.25, 181.25, 2.78),
(28, 3, 'XO 4\" IF Box X 4 1/2 IF Pin', 6.5, 3.25, 7.5, 187.5, 2.85),
(29, 3, 'Shock Absorber', 6.5, 2.25, 7.5, 187.5, 10.82),
(30, 3, 'Hammer Jar', 6.75, 2.5, 7.75, 193.75, 16.4),
(31, 3, 'XO', 6.75, 2.8125, 7.75, 193.75, 1.04),
(32, 3, '6 DC ', 6.5, 2.8125, 7.5, 187.5, 186.23),
(33, 3, 'XO', 6.75, 2.8125, 7.75, 193.75, 1.8),
(34, 3, 'DC Monel 6 3/4\"', 6.75, 2.8125, 7.75, 193.75, 29.29),
(35, 3, 'DC Monel 6 5/8\" (MWD)', 6.625, 2.8125, 7.625, 190.625, 29.12),
(36, 3, 'U.B.H.O. 6 3/4\"', 6.75, 2.8125, 7.75, 193.75, 2.42),
(37, 3, 'Stab 6 3/4\" x 8 1/4\"', 6.75, 2.8125, 7.75, 193.75, 4.59),
(38, 3, 'VCP 6 3/4\"', 6.75, 2.8125, 7.75, 193.75, 2.95),
(39, 3, 'Motor PWD 6 3/4\" x 8 1/4\" x 4\"', 6.75, 2.8125, 7.75, 193.75, 26.5),
(21, 6, 'BHA', 8.25, 3.5, 9, 234, 200),
(22, 6, 'Motor', 8, 4, 9.45, 56.8, 34.87),
(23, 6, 'HWDP', 6, 3.6, 7, 67.3, 345.8),
(24, 6, 'DP', 5, 4, 6.25, 12, 567.7);

-- --------------------------------------------------------

--
-- Table structure for table `failed_jobs`
--

CREATE TABLE `failed_jobs` (
  `id` bigint(20) UNSIGNED NOT NULL,
  `uuid` varchar(255) COLLATE utf8mb4_unicode_ci NOT NULL,
  `connection` text COLLATE utf8mb4_unicode_ci NOT NULL,
  `queue` text COLLATE utf8mb4_unicode_ci NOT NULL,
  `payload` longtext COLLATE utf8mb4_unicode_ci NOT NULL,
  `exception` longtext COLLATE utf8mb4_unicode_ci NOT NULL,
  `failed_at` timestamp NOT NULL DEFAULT current_timestamp()
) ENGINE=InnoDB DEFAULT CHARSET=utf8mb4 COLLATE=utf8mb4_unicode_ci;

-- --------------------------------------------------------

--
-- Table structure for table `fgpressure`
--

CREATE TABLE `fgpressure` (
  `FG_ID` int(11) NOT NULL,
  `ProjectID` int(11) DEFAULT 0,
  `TVD` float DEFAULT 0,
  `FG` float DEFAULT 0,
  `Pressure` float DEFAULT 0
) ENGINE=MyISAM DEFAULT CHARSET=utf8;

--
-- Dumping data for table `fgpressure`
--

INSERT INTO `fgpressure` (`FG_ID`, `ProjectID`, `TVD`, `FG`, `Pressure`) VALUES
(32, 1, 0, 14.35, 2485.95),
(34, 1, 200, 14.35, 2485.95),
(35, 1, 300, 14.35, 2485.95),
(36, 1, 400, 14.35, 2485.95),
(37, 1, 500, 14.35, 2485.95),
(38, 1, 600, 14.35, 2485.95),
(39, 1, 700, 14.35, 2485.95),
(40, 1, 800, 14.35, 2485.95),
(41, 1, 900, 14.35, 2485.95),
(42, 1, 1000, 14.35, 2485.95),
(43, 1, 1100, 14.35, 2485.95),
(44, 1, 1200, 14.35, 2485.95),
(45, 1, 1300, 14.35, 2485.95),
(46, 1, 1400, 14.35, 2485.95),
(47, 1, 1500, 14.35, 2485.95),
(48, 1, 1600, 14.35, 2485.95),
(49, 1, 1700, 14.35, 2485.95),
(50, 1, 1800, 14.35, 2485.95),
(51, 1, 1900, 14.35, 2485.95),
(52, 1, 2000, 14.35, 2485.95),
(53, 1, 2100, 14.35, 2485.95),
(54, 1, 2200, 14.35, 2485.95),
(55, 1, 2300, 14.35, 2485.95),
(56, 1, 2400, 14.35, 2485.95),
(57, 1, 2500, 14.35, 2485.95),
(58, 1, 2600, 14.35, 2485.95),
(59, 1, 2700, 14.35, 2485.95),
(60, 1, 2800, 14.35, 2485.95),
(61, 1, 2900, 14.35, 2485.95),
(62, 1, 3000, 14.35, 2485.95),
(63, 1, 3100, 14.35, 2485.95),
(64, 1, 3200, 14.35, 2485.95),
(65, 1, 3300, 14.35, 2485.95),
(66, 1, 3400, 14.35, 2485.95),
(67, 1, 3500, 14.35, 2485.95),
(68, 1, 3600, 14.35, 2485.95),
(69, 1, 3700, 14.35, 2485.95),
(70, 1, 3800, 14.35, 2485.95),
(71, 1, 3900, 14.35, 2485.95),
(72, 1, 4000, 14.35, 2485.95),
(73, 1, 4100, 14.35, 2485.95),
(74, 1, 4200, 14.35, 2485.95),
(75, 1, 4300, 14.35, 2485.95),
(76, 1, 4400, 14.35, 2485.95),
(77, 1, 4500, 14.35, 2485.95),
(78, 1, 4600, 14.35, 2485.95),
(79, 1, 4700, 14.35, 2485.95),
(80, 1, 4800, 14.35, 2485.95),
(81, 1, 4900, 14.35, 2485.95),
(82, 1, 5000, 14.35, 2485.95),
(83, 1, 5100, 14.35, 2485.95),
(84, 1, 5200, 14.35, 2485.95),
(85, 1, 5300, 14.35, 2485.95),
(86, 1, 5400, 14.35, 2485.95),
(87, 1, 5500, 14.35, 2485.95),
(88, 1, 5600, 14.35, 2485.95),
(89, 1, 5700, 14.35, 2485.95),
(90, 1, 5800, 14.35, 2485.95),
(91, 1, 5900, 14.35, 2485.95),
(92, 1, 6000, 14.35, 2485.95),
(93, 1, 6180.8, 14.35, 2485.95),
(94, 1, 6199.8, 14.35, 2489.13),
(95, 1, 6221.5, 14.35, 2492.74),
(96, 1, 6243.4, 14.35, 2496.39),
(97, 1, 6265.7, 14.35, 2500.11),
(98, 1, 6287.7, 14.35, 2503.78),
(99, 1, 6298.9, 14.35, 2505.64),
(100, 1, 6337.3, 14.35, 2512.04),
(101, 1, 6362.5, 14.35, 2516.24),
(102, 1, 6388.1, 14.35, 2520.51),
(103, 1, 6412.7, 14.35, 2524.61),
(104, 1, 6436.4, 14.35, 2528.56),
(105, 1, 6459.6, 14.35, 2532.42),
(106, 1, 6482.6, 14.35, 2536.25),
(107, 1, 6497.4, 14.35, 2538.72),
(108, 1, 6538.4, 14.35, 2545.55),
(109, 1, 6568.9, 14.35, 2550.64),
(110, 1, 6599.4, 14.35, 2555.72),
(111, 1, 6629.9, 14.35, 2560.79),
(112, 1, 6659.1, 14.35, 2565.71),
(113, 1, 6683.1, 14.35, 2570.03),
(114, 1, 6701.8, 14.35, 2573.65),
(115, 1, 6719.5, 14.35, 2577.35),
(116, 1, 6736.9, 14.35, 2580.98),
(117, 1, 6753.6, 14.35, 2584.47),
(118, 1, 6770, 14.35, 2587.9),
(119, 1, 6786.1, 14.35, 2591.26),
(120, 1, 6801.5, 14.35, 2594.96),
(121, 1, 6816.6, 14.35, 2598.83),
(122, 1, 6831.4, 14.35, 2602.62),
(123, 1, 6845.8, 14.35, 2606.31),
(124, 1, 6859.9, 14.35, 2609.92),
(125, 1, 6873.7, 14.35, 2613.46),
(126, 1, 6887.1, 14.35, 2616.89),
(127, 1, 6900.6, 14.35, 2620.84),
(128, 1, 6913.7, 14.35, 2624.78),
(129, 1, 6926.5, 14.35, 2628.63),
(130, 1, 6939.3, 14.35, 2632.48),
(131, 1, 6951.8, 14.35, 2636.24),
(132, 1, 6959, 14.35, 2638.41),
(133, 1, 6979.7, 14.35, 2644.64),
(134, 1, 6993.4, 14.35, 2649),
(135, 1, 7006.9, 14.35, 2653.67),
(136, 1, 7019.7, 14.35, 2658.09),
(137, 1, 7032.8, 14.35, 2662.62),
(138, 1, 7045.3, 14.35, 2666.95),
(139, 1, 7057.7, 14.35, 2671.23),
(140, 1, 7070.2, 14.35, 2675.56),
(141, 1, 7076.8, 14.35, 2677.84),
(142, 1, 7094.5, 14.35, 2684.29),
(143, 1, 7106.3, 14.35, 2688.87),
(144, 1, 7117.8, 14.35, 2693.33),
(145, 1, 7129.3, 14.35, 2697.79),
(146, 1, 7140.1, 14.35, 2701.98),
(147, 1, 7148, 14.35, 2705.05),
(148, 1, 7152.6, 14.35, 2706.83),
(149, 1, 7157.8, 14.35, 2708.85),
(150, 1, 7163.1, 14.35, 2710.91),
(151, 1, 7168.3, 14.35, 2712.93),
(152, 1, 7174.2, 14.35, 2715.22),
(153, 1, 7180.1, 14.35, 2717.5),
(154, 1, 7186.7, 14.35, 2720.11),
(155, 1, 7193.2, 14.35, 2722.83),
(156, 1, 7199.8, 14.35, 2725.59),
(157, 1, 7199.8, 15.38, 2921.22),
(158, 1, 7223.4, 15.38, 2932.14),
(159, 1, 7236.9, 15.38, 2938.41),
(160, 1, 7250, 15.38, 2944.48),
(161, 1, 7262.8, 15.38, 2950.42),
(162, 1, 7275.6, 15.38, 2956.36),
(163, 1, 7288.4, 15.38, 2962.4),
(164, 1, 7300.5, 15.38, 2968.48),
(165, 1, 7313, 15.38, 2974.75),
(166, 1, 7325.1, 15.38, 2980.83),
(167, 1, 7336.9, 15.38, 2986.75),
(168, 1, 7348.8, 15.38, 2992.73),
(169, 1, 7360.6, 15.38, 2998.65),
(170, 1, 7372, 15.38, 3004.37),
(171, 1, 7383.5, 15.38, 3010.2),
(172, 1, 7392.1, 15.38, 3014.82),
(173, 1, 7405.8, 15.38, 3022.19),
(174, 1, 7417, 15.38, 3028.2),
(175, 1, 7422.9, 15.38, 3031.37),
(176, 1, 7437.7, 15.38, 3039.33),
(177, 1, 7447.8, 15.38, 3044.75),
(178, 1, 7458, 15.38, 3050.24),
(179, 1, 7467.8, 15.38, 3055.59),
(180, 1, 7477.7, 15.38, 3061.14),
(181, 1, 7487.5, 15.38, 3066.66),
(182, 1, 7497.4, 15.38, 3072.26),
(183, 1, 7507.2, 15.38, 3077.8),
(184, 1, 7516.7, 15.38, 3083.17),
(185, 1, 7526.6, 15.38, 3088.76),
(186, 1, 7536.1, 15.38, 3094.13),
(187, 1, 7545.6, 15.38, 3099.5),
(188, 1, 7555.4, 15.38, 3105.03),
(189, 1, 7565, 15.38, 3110.46),
(190, 1, 7574.1, 15.38, 3115.6),
(191, 1, 7583.7, 15.38, 3121.11),
(192, 1, 7592.2, 15.38, 3126.05),
(193, 1, 7600.4, 15.38, 3130.81),
(194, 1, 7608.6, 15.38, 3135.58),
(195, 1, 7616.8, 15.38, 3140.34),
(196, 1, 7625, 15.38, 3145.11),
(197, 1, 7632.2, 15.38, 3149.29),
(198, 1, 7637.1, 15.38, 3152.14),
(199, 1, 7642.1, 15.38, 3155.04),
(200, 1, 7646.7, 15.38, 3157.72),
(201, 1, 7651.2, 15.38, 3160.33),
(202, 1, 7655.5, 15.38, 3162.83),
(203, 1, 7659.8, 15.38, 3165.33),
(204, 1, 7663.7, 15.38, 3167.6),
(205, 1, 7667.7, 15.38, 3169.92),
(206, 1, 7671.6, 15.38, 3172.19),
(207, 1, 7675.2, 15.38, 3174.28),
(208, 1, 7678.8, 15.38, 3176.38),
(209, 1, 7682.1, 15.38, 3178.32),
(210, 1, 7685.4, 15.38, 3180.25),
(211, 1, 7690.3, 15.38, 3183.13),
(212, 1, 7697.2, 15.38, 3187.18),
(213, 1, 7704.4, 15.38, 3191.4),
(214, 1, 7711.3, 15.38, 3195.5),
(215, 1, 7711.3, 13.98, 2904.62),
(216, 1, 7725.1, 13.98, 2912.12),
(217, 1, 7732, 13.98, 2915.87),
(218, 1, 7738.8, 13.98, 2919.57),
(219, 1, 7745.7, 13.98, 2923.32),
(220, 1, 7752.6, 13.98, 2927.07),
(221, 1, 7759.5, 13.98, 2930.82),
(222, 1, 7766.4, 13.98, 2934.57),
(223, 1, 7773.3, 13.98, 2938.32),
(224, 1, 7779.9, 13.98, 2941.95),
(225, 1, 7786.7, 13.98, 2945.7),
(226, 1, 7793.6, 13.98, 2949.51),
(227, 1, 7800.2, 13.98, 2953.16),
(228, 1, 7807.1, 13.98, 2956.97),
(229, 1, 7813.6, 13.98, 2960.56),
(230, 1, 7820.5, 13.98, 2964.37),
(231, 1, 7827.1, 13.98, 2968.02),
(232, 1, 7834, 13.98, 2971.83),
(233, 1, 7840.6, 13.98, 2975.48),
(234, 1, 7847.1, 13.98, 2979.07),
(235, 1, 7853.7, 13.98, 2982.72),
(236, 1, 7860.6, 13.98, 2986.53),
(237, 1, 7867.1, 13.98, 2990.12),
(238, 1, 7874, 13.98, 2994.93),
(239, 2, 0, 14.35, 2485.95),
(240, 2, 100, 14.35, 2485.95),
(241, 2, 200, 14.35, 2485.95),
(242, 2, 300, 14.35, 2485.95),
(243, 2, 400, 14.35, 2485.95),
(244, 2, 500, 14.35, 2485.95),
(245, 2, 600, 14.35, 2485.95),
(246, 2, 700, 14.35, 2485.95),
(247, 2, 800, 14.35, 2485.95),
(248, 2, 900, 14.35, 2485.95),
(249, 2, 1000, 14.35, 2485.95),
(250, 2, 1100, 14.35, 2485.95),
(251, 2, 1200, 14.35, 2485.95),
(252, 2, 1300, 14.35, 2485.95),
(253, 2, 1400, 14.35, 2485.95),
(254, 2, 1500, 14.35, 2485.95),
(255, 2, 1600, 14.35, 2485.95),
(256, 2, 1700, 14.35, 2485.95),
(257, 2, 1800, 14.35, 2485.95),
(258, 2, 1900, 14.35, 2485.95),
(259, 2, 2000, 14.35, 2485.95),
(260, 2, 2100, 14.35, 2485.95),
(261, 2, 2200, 14.35, 2485.95),
(262, 2, 2300, 14.35, 2485.95),
(263, 2, 2400, 14.35, 2485.95),
(264, 2, 2500, 14.35, 2485.95),
(265, 2, 2600, 14.35, 2485.95),
(266, 2, 2700, 14.35, 2485.95),
(267, 2, 2800, 14.35, 2485.95),
(268, 2, 2900, 14.35, 2485.95),
(269, 2, 3000, 14.35, 2485.95),
(270, 2, 3100, 14.35, 2485.95),
(271, 2, 3200, 14.35, 2485.95),
(272, 2, 3300, 14.35, 2485.95),
(273, 2, 3400, 14.35, 2485.95),
(274, 2, 3500, 14.35, 2485.95),
(275, 2, 3600, 14.35, 2485.95),
(276, 2, 3700, 14.35, 2485.95),
(277, 2, 3800, 14.35, 2485.95),
(278, 2, 3900, 14.35, 2485.95),
(279, 2, 4000, 14.35, 2485.95),
(280, 2, 4100, 14.35, 2485.95),
(281, 2, 4200, 14.35, 2485.95),
(282, 2, 4300, 14.35, 2485.95),
(283, 2, 4400, 14.35, 2485.95),
(284, 2, 4500, 14.35, 2485.95),
(285, 2, 4600, 14.35, 2485.95),
(286, 2, 4700, 14.35, 2485.95),
(287, 2, 4800, 14.35, 2485.95),
(288, 2, 4900, 14.35, 2485.95),
(289, 2, 5000, 14.35, 2485.95),
(290, 2, 5100, 14.35, 2485.95),
(291, 2, 5200, 14.35, 2485.95),
(292, 2, 5300, 14.35, 2485.95),
(293, 2, 5400, 14.35, 2485.95),
(294, 2, 5500, 14.35, 2485.95),
(295, 2, 5600, 14.35, 2485.95),
(296, 2, 5700, 14.35, 2485.95),
(297, 2, 5800, 14.35, 2485.95),
(298, 2, 5900, 14.35, 2485.95),
(299, 2, 6000, 14.35, 2485.95),
(300, 2, 6180.8, 14.35, 2485.95),
(301, 2, 6199.8, 14.35, 2489.13),
(302, 2, 6221.5, 14.35, 2492.74),
(303, 2, 6243.4, 14.35, 2496.39),
(304, 2, 6265.7, 14.35, 2500.11),
(305, 2, 6287.7, 14.35, 2503.78),
(306, 2, 6298.9, 14.35, 2505.64),
(307, 2, 6337.3, 14.35, 2512.04),
(308, 2, 6362.5, 14.35, 2516.24),
(309, 2, 6388.1, 14.35, 2520.51),
(310, 2, 6412.7, 14.35, 2524.61),
(311, 2, 6436.4, 14.35, 2528.56),
(312, 2, 6459.6, 14.35, 2532.42),
(313, 2, 6482.6, 14.35, 2536.25),
(314, 2, 6497.4, 14.35, 2538.72),
(315, 2, 6538.4, 14.35, 2545.55),
(316, 2, 6568.9, 14.35, 2550.64),
(317, 2, 6599.4, 14.35, 2555.72),
(318, 2, 6629.9, 14.35, 2560.79),
(319, 2, 6659.1, 14.35, 2565.71),
(320, 2, 6683.1, 14.35, 2570.03),
(321, 2, 6701.8, 14.35, 2573.65),
(322, 2, 6719.5, 14.35, 2577.35),
(323, 2, 6736.9, 14.35, 2580.98),
(324, 2, 6753.6, 14.35, 2584.47),
(325, 2, 6770, 14.35, 2587.9),
(326, 2, 6786.1, 14.35, 2591.26),
(327, 2, 6801.5, 14.35, 2594.96),
(328, 2, 6816.6, 14.35, 2598.83),
(329, 2, 6831.4, 14.35, 2602.62),
(330, 2, 6845.8, 14.35, 2606.31),
(331, 2, 6859.9, 14.35, 2609.92),
(332, 2, 6873.7, 14.35, 2613.46),
(333, 2, 6887.1, 14.35, 2616.89),
(334, 2, 6900.6, 14.35, 2620.84),
(335, 2, 6913.7, 14.35, 2624.78),
(336, 2, 6926.5, 14.35, 2628.63),
(337, 2, 6939.3, 14.35, 2632.48),
(338, 2, 6951.8, 14.35, 2636.24),
(339, 2, 6959, 14.35, 2638.41),
(340, 2, 6979.7, 14.35, 2644.64),
(341, 2, 6993.4, 14.35, 2649),
(342, 2, 7006.9, 14.35, 2653.67),
(343, 2, 7019.7, 14.35, 2658.09),
(344, 2, 7032.8, 14.35, 2662.62),
(345, 2, 7045.3, 14.35, 2666.95),
(346, 2, 7057.7, 14.35, 2671.23),
(347, 2, 7070.2, 14.35, 2675.56),
(348, 2, 7076.8, 14.35, 2677.84),
(349, 2, 7094.5, 14.35, 2684.29),
(350, 2, 7106.3, 14.35, 2688.87),
(351, 2, 7117.8, 14.35, 2693.33),
(352, 2, 7129.3, 14.35, 2697.79),
(353, 2, 7140.1, 14.35, 2701.98),
(354, 2, 7148, 14.35, 2705.05),
(355, 2, 7152.6, 14.35, 2706.83),
(356, 2, 7157.8, 14.35, 2708.85),
(357, 2, 7163.1, 14.35, 2710.91),
(358, 2, 7168.3, 14.35, 2712.93),
(359, 2, 7174.2, 14.35, 2715.22),
(360, 2, 7180.1, 14.35, 2717.5),
(361, 2, 7186.7, 14.35, 2720.11),
(362, 2, 7193.2, 14.35, 2722.83),
(363, 2, 7199.8, 14.35, 2725.59),
(364, 2, 7199.8, 15.38, 2921.22),
(365, 2, 7223.4, 15.38, 2932.14),
(366, 2, 7236.9, 15.38, 2938.41),
(367, 2, 7250, 15.38, 2944.48),
(368, 2, 7262.8, 15.38, 2950.42),
(369, 2, 7275.6, 15.38, 2956.36),
(370, 2, 7288.4, 15.38, 2962.4),
(371, 2, 7300.5, 15.38, 2968.48),
(372, 2, 7313, 15.38, 2974.75),
(373, 2, 7325.1, 15.38, 2980.83),
(374, 2, 7336.9, 15.38, 2986.75),
(375, 2, 7348.8, 15.38, 2992.73),
(376, 2, 7360.6, 15.38, 2998.65),
(377, 2, 7372, 15.38, 3004.37),
(378, 2, 7383.5, 15.38, 3010.2),
(379, 2, 7392.1, 15.38, 3014.82),
(380, 2, 7405.8, 15.38, 3022.19),
(381, 2, 7417, 15.38, 3028.2),
(382, 2, 7422.9, 15.38, 3031.37),
(383, 2, 7437.7, 15.38, 3039.33),
(384, 2, 7447.8, 15.38, 3044.75),
(385, 2, 7458, 15.38, 3050.24),
(386, 2, 7467.8, 15.38, 3055.59),
(387, 2, 7477.7, 15.38, 3061.14),
(388, 2, 7487.5, 15.38, 3066.66),
(389, 2, 7497.4, 15.38, 3072.26),
(390, 2, 7507.2, 15.38, 3077.8),
(391, 2, 7516.7, 15.38, 3083.17),
(392, 2, 7526.6, 15.38, 3088.76),
(393, 2, 7536.1, 15.38, 3094.13),
(394, 2, 7545.6, 15.38, 3099.5),
(395, 2, 7555.4, 15.38, 3105.03),
(396, 2, 7565, 15.38, 3110.46),
(397, 2, 7574.1, 15.38, 3115.6),
(398, 2, 7583.7, 15.38, 3121.11),
(399, 2, 7592.2, 15.38, 3126.05),
(400, 2, 7600.4, 15.38, 3130.81),
(401, 2, 7608.6, 15.38, 3135.58),
(402, 2, 7616.8, 15.38, 3140.34),
(403, 2, 7625, 15.38, 3145.11),
(404, 2, 7632.2, 15.38, 3149.29),
(405, 2, 7637.1, 15.38, 3152.14),
(406, 2, 7642.1, 15.38, 3155.04),
(407, 2, 7646.7, 15.38, 3157.72),
(408, 2, 7651.2, 15.38, 3160.33),
(409, 2, 7655.5, 15.38, 3162.83),
(410, 2, 7659.8, 15.38, 3165.33),
(411, 2, 7663.7, 15.38, 3167.6),
(412, 2, 7667.7, 15.38, 3169.92),
(413, 2, 7671.6, 15.38, 3172.19),
(414, 2, 7675.2, 15.38, 3174.28),
(415, 2, 7678.8, 15.38, 3176.38),
(416, 2, 7682.1, 15.38, 3178.32),
(417, 2, 7685.4, 15.38, 3180.25),
(418, 2, 7690.3, 15.38, 3183.13),
(419, 2, 7697.2, 15.38, 3187.18),
(420, 2, 7704.4, 15.38, 3191.4),
(421, 2, 7711.3, 15.38, 3195.5),
(422, 2, 7711.3, 13.98, 2904.62),
(423, 2, 7725.1, 13.98, 2912.12),
(424, 2, 7732, 13.98, 2915.87),
(425, 2, 7738.8, 13.98, 2919.57),
(426, 2, 7745.7, 13.98, 2923.32),
(427, 2, 7752.6, 13.98, 2927.07),
(428, 2, 7759.5, 13.98, 2930.82),
(429, 2, 7766.4, 13.98, 2934.57),
(430, 2, 7773.3, 13.98, 2938.32),
(431, 2, 7779.9, 13.98, 2941.95),
(432, 2, 7786.7, 13.98, 2945.7),
(433, 2, 7793.6, 13.98, 2949.51),
(434, 2, 7800.2, 13.98, 2953.16),
(435, 2, 7807.1, 13.98, 2956.97),
(436, 2, 7813.6, 13.98, 2960.56),
(437, 2, 7820.5, 13.98, 2964.37),
(438, 2, 7827.1, 13.98, 2968.02),
(439, 2, 7834, 13.98, 2971.83),
(440, 2, 7840.6, 13.98, 2975.48),
(441, 2, 7847.1, 13.98, 2979.07),
(442, 2, 7853.7, 13.98, 2982.72),
(443, 2, 7860.6, 13.98, 2986.53),
(444, 2, 7867.1, 13.98, 2990.12),
(445, 2, 7874, 13.98, 2994.93),
(446, 3, 1000, 13.22, 687.44),
(447, 3, 1100, 14.2, 812.24),
(448, 3, 1200, 13.76, 858.624),
(449, 3, 1300, 14.27, 964.652),
(450, 3, 1400, 14.19, 1033.03),
(451, 3, 1500, 14, 1092),
(452, 3, 1600, 13.07, 1087.42),
(453, 3, 1700, 13.9, 1228.76),
(454, 3, 1800, 13.89, 1300.1),
(455, 3, 1900, 14.43, 1425.68),
(456, 3, 2000, 14.36, 1493.44),
(457, 3, 2100, 15.17, 1656.56),
(458, 3, 2200, 13.62, 1558.13),
(459, 3, 2300, 14.93, 1785.63),
(460, 3, 2400, 13.65, 1703.52),
(461, 3, 2500, 13.93, 1810.9),
(462, 3, 2600, 14.48, 1957.7),
(463, 3, 2700, 15.1, 2120.04),
(464, 3, 2800, 14.48, 2108.29),
(465, 3, 2900, 14.22, 2144.38),
(466, 3, 3000, 14.17, 2210.52),
(467, 4, 1000, 13.22, 687.44),
(468, 4, 1100, 14.2, 812.24),
(469, 4, 1200, 13.76, 858.624),
(470, 4, 1300, 14.27, 964.652),
(471, 4, 1400, 14.19, 1033.03),
(472, 4, 1500, 14, 1092),
(473, 4, 1600, 13.07, 1087.42),
(474, 4, 1700, 13.9, 1228.76),
(475, 4, 1800, 13.89, 1300.1),
(476, 4, 1900, 14.43, 1425.68),
(477, 4, 2000, 14.36, 1493.44),
(478, 4, 2100, 15.17, 1656.56),
(479, 4, 2200, 13.62, 1558.13),
(480, 4, 2300, 14.93, 1785.63),
(481, 4, 2400, 13.65, 1703.52),
(482, 4, 2500, 13.93, 1810.9),
(483, 4, 2600, 14.48, 1957.7),
(484, 4, 2700, 15.1, 2120.04),
(485, 4, 2800, 14.48, 2108.29),
(486, 4, 2900, 14.22, 2144.38),
(487, 4, 3000, 14.17, 2210.52);

-- --------------------------------------------------------

--
-- Table structure for table `fluids`
--

CREATE TABLE `fluids` (
  `FluidID` int(11) NOT NULL,
  `ProjectID` int(11) DEFAULT 0,
  `SampleID` int(11) DEFAULT 0,
  `Description` varchar(255) DEFAULT NULL,
  `Density` float DEFAULT 0,
  `Type` int(11) DEFAULT 0,
  `Rheology` int(11) DEFAULT 0,
  `YP` float DEFAULT 0,
  `PV` float DEFAULT 0,
  `K` float DEFAULT 0,
  `n` float DEFAULT 0,
  `Viscosity` float DEFAULT 0,
  `Oil` float DEFAULT 0,
  `Water` float DEFAULT 0,
  `TC` float DEFAULT 1,
  `SH` float DEFAULT 0.4
) ENGINE=MyISAM DEFAULT CHARSET=utf8;

--
-- Dumping data for table `fluids`
--

INSERT INTO `fluids` (`FluidID`, `ProjectID`, `SampleID`, `Description`, `Density`, `Type`, `Rheology`, `YP`, `PV`, `K`, `n`, `Viscosity`, `Oil`, `Water`, `TC`, `SH`) VALUES
(1, 1, 1, 'Fluid#1', 10.3, 0, 1, 12, 24, 0.78, 0.98, 12, 100, 0, 1, 0.4),
(2, 1, 1, 'Fluid#2', 12.3, 1, 2, 12, 20, 0.55, 0.87, 16, 90, 10, 1.02, 0.45),
(3, 1, 1, 'Cement', 15.25, 2, 3, 13, 18, 0.67, 0.94, 15, 79, 21, 0.99, 0.55),
(4, 2, 1, 'Fluid#1', 9.3, 3, 3, 15, 23, 0.45, 0.77, 16, 70, 30, 1.01, 0.55),
(5, 2, 1, 'Fluid#2', 12.45, 4, 3, 15, 22, 0.74, 0.66, 14, 60, 40, 1.2, 0.44),
(6, 3, 1, 'WBM#1', 10.5, 5, 5, 12, 25, 0.78, 0.95, 20, 60, 40, 1.1, 0.35),
(7, 4, 1, 'OBM#1', 15.4, 3, 4, 10, 16, 0.89, 0.88, 22, 80, 20, 1.23, 0.4),
(8, 5, 1, 'Fluid#HH', 12, 4, 3, 9, 16, 0.98, 0.8, 17, 77, 23, 1.24, 0.55),
(9, 6, 1, 'Fluid#OBM', 11.5, 5, 2, 8, 22, 1.2, 0.7, 18, 22, 88, 1.11, 0.45);

-- --------------------------------------------------------

--
-- Table structure for table `lithology`
--

CREATE TABLE `lithology` (
  `LithoID` int(11) NOT NULL,
  `ProjectID` int(11) DEFAULT 0,
  `Description` varchar(255) DEFAULT NULL,
  `MD` float DEFAULT 0,
  `TVD` float DEFAULT 0,
  `TC` float DEFAULT 1,
  `SH` float DEFAULT 0.4
) ENGINE=MyISAM DEFAULT CHARSET=utf8;

--
-- Dumping data for table `lithology`
--

INSERT INTO `lithology` (`LithoID`, `ProjectID`, `Description`, `MD`, `TVD`, `TC`, `SH`) VALUES
(1, 1, 'Formation 1', 1000, 1000, 1, 0.4),
(2, 1, 'Formation 2', 1100, 1100, 1, 0.4),
(3, 1, 'Formation 3', 1200, 1200, 1, 0.4),
(4, 1, 'Formation 4', 1300, 1300, 1, 0.4),
(5, 1, 'Formation 5', 1400, 1400, 1, 0.4),
(6, 1, 'Formation 6', 1500, 1500, 1, 0.4),
(7, 1, 'Formation 7', 1600, 1600, 1, 0.4),
(8, 1, 'Formation 8', 1700, 1700, 1, 0.4),
(9, 1, 'Formation 9', 1800, 1800, 1, 0.4),
(10, 1, 'Formation 10', 1900, 1900, 1, 0.4),
(11, 1, 'Formation 11', 2000, 2000, 1, 0.4),
(12, 1, 'Formation 12', 2100, 2100, 1, 0.4),
(13, 1, 'Formation 13', 2200, 2200, 1, 0.4),
(14, 1, 'Formation 14', 2300, 2300, 1, 0.4),
(15, 1, 'Formation 15', 2400, 2400, 1, 0.4),
(16, 1, 'Formation 16', 2500, 2500, 1, 0.4),
(17, 1, 'Formation 17', 2600, 2600, 1, 0.4),
(18, 1, 'Formation 18', 2700, 2700, 1, 0.4),
(19, 1, 'Formation 19', 2800, 2800, 1, 0.4),
(20, 1, 'Formation 20', 2900, 2900, 1, 0.4),
(21, 1, 'Formation 21', 3000, 3000, 1, 0.4),
(22, 2, 'Formation 1', 1000, 1000, 1, 0.4),
(23, 2, 'Formation 2', 1100, 1100, 1, 0.4),
(24, 2, 'Formation 3', 1200, 1200, 1, 0.4),
(25, 2, 'Formation 4', 1300, 1300, 1, 0.4),
(26, 2, 'Formation 5', 1400, 1400, 1, 0.4),
(27, 2, 'Formation 6', 1500, 1500, 1, 0.4),
(28, 2, 'Formation 7', 1600, 1600, 1, 0.4),
(29, 2, 'Formation 8', 1700, 1700, 1, 0.4),
(30, 2, 'Formation 9', 1800, 1800, 1, 0.4),
(31, 2, 'Formation 10', 1900, 1900, 1, 0.4),
(32, 2, 'Formation 11', 2000, 2000, 1, 0.4),
(33, 2, 'Formation 12', 2100, 2100, 1, 0.4),
(34, 2, 'Formation 13', 2200, 2200, 1, 0.4),
(35, 2, 'Formation 14', 2300, 2300, 1, 0.4),
(36, 2, 'Formation 15', 2400, 2400, 1, 0.4),
(37, 2, 'Formation 16', 2500, 2500, 1, 0.4),
(38, 2, 'Formation 17', 2600, 2600, 1, 0.4),
(39, 2, 'Formation 18', 2700, 2700, 1, 0.4),
(40, 2, 'Formation 19', 2800, 2800, 1, 0.4),
(41, 2, 'Formation 20', 2900, 2900, 1, 0.4),
(42, 2, 'Formation 21', 3000, 3000, 1, 0.4);

-- --------------------------------------------------------

--
-- Table structure for table `migrations`
--

CREATE TABLE `migrations` (
  `id` int(10) UNSIGNED NOT NULL,
  `migration` varchar(255) COLLATE utf8mb4_unicode_ci NOT NULL,
  `batch` int(11) NOT NULL
) ENGINE=InnoDB DEFAULT CHARSET=utf8mb4 COLLATE=utf8mb4_unicode_ci;

--
-- Dumping data for table `migrations`
--

INSERT INTO `migrations` (`id`, `migration`, `batch`) VALUES
(4, '2019_12_14_000001_create_personal_access_tokens_table', 1),
(5, '2022_07_25_131921_create_admins_table', 2),
(9, '2014_10_12_000000_create_users_table', 3),
(10, '2014_10_12_100000_create_password_resets_table', 3),
(11, '2019_08_19_000000_create_failed_jobs_table', 3);

-- --------------------------------------------------------

--
-- Table structure for table `password_resets`
--

CREATE TABLE `password_resets` (
  `email` varchar(255) COLLATE utf8mb4_unicode_ci NOT NULL,
  `token` varchar(255) COLLATE utf8mb4_unicode_ci NOT NULL,
  `created_at` timestamp NULL DEFAULT NULL
) ENGINE=InnoDB DEFAULT CHARSET=utf8mb4 COLLATE=utf8mb4_unicode_ci;

-- --------------------------------------------------------

--
-- Table structure for table `personal_access_tokens`
--

CREATE TABLE `personal_access_tokens` (
  `id` bigint(20) UNSIGNED NOT NULL,
  `tokenable_type` varchar(255) COLLATE utf8mb4_unicode_ci NOT NULL,
  `tokenable_id` bigint(20) UNSIGNED NOT NULL,
  `name` varchar(255) COLLATE utf8mb4_unicode_ci NOT NULL,
  `token` varchar(64) COLLATE utf8mb4_unicode_ci NOT NULL,
  `abilities` text COLLATE utf8mb4_unicode_ci DEFAULT NULL,
  `last_used_at` timestamp NULL DEFAULT NULL,
  `created_at` timestamp NULL DEFAULT NULL,
  `updated_at` timestamp NULL DEFAULT NULL
) ENGINE=InnoDB DEFAULT CHARSET=utf8mb4 COLLATE=utf8mb4_unicode_ci;

-- --------------------------------------------------------

--
-- Table structure for table `porepressure`
--

CREATE TABLE `porepressure` (
  `PP_ID` int(11) NOT NULL,
  `ProjectID` int(11) DEFAULT 0,
  `TVD` float DEFAULT 0,
  `PP` float DEFAULT 0,
  `Pressure` float DEFAULT 0
) ENGINE=MyISAM DEFAULT CHARSET=utf8;

--
-- Dumping data for table `porepressure`
--

INSERT INTO `porepressure` (`PP_ID`, `ProjectID`, `TVD`, `PP`, `Pressure`) VALUES
(1, 4, 1000, 11.1, 577.2),
(2, 4, 1100, 11.2, 640.64),
(3, 4, 1200, 11.14, 695.136),
(4, 4, 1300, 11.23, 759.148),
(5, 4, 1400, 11.23, 817.544),
(6, 4, 1500, 10.94, 853.32),
(7, 4, 1600, 10.9, 906.88),
(8, 4, 1700, 11, 972.4),
(9, 4, 1800, 11.3, 1057.68),
(10, 4, 1900, 11.5, 1136.2),
(11, 4, 2000, 11.4, 1185.6),
(12, 4, 2100, 11.7, 1277.64),
(13, 4, 2200, 11.44, 1308.74),
(14, 4, 2300, 11.55, 1381.38),
(15, 4, 2400, 11.45, 1428.96),
(16, 4, 2500, 11.34, 1474.2),
(17, 4, 2600, 11.56, 1562.91),
(18, 4, 2700, 11.78, 1653.91),
(19, 4, 2800, 11.98, 1744.29),
(20, 4, 2900, 11.9, 1794.52),
(21, 4, 3000, 11.8, 1840.8),
(22, 1, 1000, 11.1, 577.2),
(23, 1, 1100, 11.2, 640.64),
(24, 1, 1200, 11.14, 695.136),
(25, 1, 1300, 11.23, 759.148),
(26, 1, 1400, 11.23, 817.544),
(27, 1, 1500, 10.94, 853.32),
(28, 1, 1600, 10.9, 906.88),
(29, 1, 1700, 11, 972.4),
(30, 1, 1800, 11.3, 1057.68),
(31, 1, 1900, 11.5, 1136.2),
(32, 1, 2000, 11.4, 1185.6),
(33, 1, 2100, 11.7, 1277.64),
(34, 1, 2200, 11.44, 1308.74),
(35, 1, 2300, 11.55, 1381.38),
(36, 1, 2400, 11.45, 1428.96),
(37, 1, 2500, 11.34, 1474.2),
(38, 1, 2600, 11.56, 1562.91),
(39, 1, 2700, 11.78, 1653.91),
(40, 1, 2800, 11.98, 1744.29),
(41, 1, 2900, 11.9, 1794.52),
(42, 1, 3000, 11.8, 1840.8),
(44, 9, 0, 0, 0),
(45, 9, 1, 1, 1),
(56, 1, NULL, NULL, NULL),
(47, 9, 1, 1, 1),
(48, 9, 5, 3, 3),
(54, 1, NULL, NULL, NULL),
(55, 1, NULL, NULL, NULL),
(57, 1, NULL, NULL, NULL),
(58, 1, NULL, NULL, NULL),
(59, 1, NULL, NULL, NULL),
(60, 1, NULL, NULL, NULL),
(61, 1, NULL, NULL, NULL),
(62, 1, NULL, NULL, NULL),
(63, 1, NULL, NULL, NULL),
(64, 1, NULL, NULL, NULL),
(65, 1, NULL, NULL, NULL),
(66, 1, NULL, NULL, NULL),
(67, 1, NULL, NULL, NULL),
(68, 1, NULL, NULL, NULL),
(69, 1, NULL, NULL, NULL),
(70, 1, NULL, NULL, NULL),
(71, 1, NULL, NULL, NULL),
(72, 1, NULL, NULL, NULL),
(73, 1, NULL, NULL, NULL),
(74, 1, NULL, NULL, NULL);

-- --------------------------------------------------------

--
-- Table structure for table `samples`
--

CREATE TABLE `samples` (
  `SampleID` int(11) NOT NULL,
  `FluidID` int(11) DEFAULT 0,
  `Pressure` float DEFAULT 0,
  `Temperature` float DEFAULT 0,
  `R3` float DEFAULT 0,
  `R6` float DEFAULT 0,
  `R30` float DEFAULT 0,
  `R60` float DEFAULT 0,
  `R100` float DEFAULT 0,
  `R200` float DEFAULT 0,
  `R300` float DEFAULT 0,
  `R600` float DEFAULT 0
) ENGINE=MyISAM DEFAULT CHARSET=utf8;

--
-- Dumping data for table `samples`
--

INSERT INTO `samples` (`SampleID`, `FluidID`, `Pressure`, `Temperature`, `R3`, `R6`, `R30`, `R60`, `R100`, `R200`, `R300`, `R600`) VALUES
(1, 1, 14.7, 60, 3, 4, 0, 0, 15, 24, 35, 45),
(2, 1, 20, 60, 5, 6, 0, 0, 20, 30, 40, 55),
(3, 2, 14.7, 60, 7, 8, 9, 12, 16, 28, 33, 50),
(4, 3, 14.7, 60, 2, 4, 0, 0, 18, 22, 45, 55),
(5, 4, 14.7, 60, 5, 7, 0, 0, 16, 20, 44, 60),
(6, 5, 14.7, 60, 4, 8, 10, 12, 17, 25, 56, 70);

-- --------------------------------------------------------

--
-- Table structure for table `standard_unit`
--

CREATE TABLE `standard_unit` (
  `id` int(11) NOT NULL,
  `name` text NOT NULL,
  `value` float NOT NULL,
  `unit_id` int(11) NOT NULL,
  `concept_id` int(11) NOT NULL
) ENGINE=InnoDB DEFAULT CHARSET=utf8mb4;

--
-- Dumping data for table `standard_unit`
--

INSERT INTO `standard_unit` (`id`, `name`, `value`, `unit_id`, `concept_id`) VALUES
(1, 'psi', 1, 1, 1),
(2, 'bar', 0.0689476, 1, 1),
(3, 'kPa', 6.89476, 1, 1),
(4, 'Pascal', 6894.76, 1, 1),
(5, '°F', 1, 1, 2),
(6, '°C', 1, 1, 2),
(7, '°K', 1, 1, 2),
(8, 'gpm', 1, 1, 3),
(9, 'lpm', 3.78541, 1, 3),
(10, 'bbl/day', 34.2857, 1, 3),
(11, 'bbl/hr', 1.42857, 1, 3),
(12, 'm³/hr', 0.227125, 1, 3),
(13, 'm³/min', 0.00378541, 1, 3),
(14, 'ft³/hr', 8.02083, 1, 3),
(15, 'ft³/min', 0.122681, 1, 3),
(16, 'ppg', 1, 1, 4),
(17, 'sg', 0.119826, 1, 4),
(18, 'kPa³/min', 1.17509, 1, 4),
(19, 'Kg/m³', 119.826, 1, 4),
(20, 'gm/cm³', 0.119826, 1, 4),
(21, 'pound/ft³', 7.48052, 1, 4),
(22, 'ft', 1, 1, 5),
(23, 'm', 0.3048, 1, 5),
(24, 'yard', 0.33333, 1, 5),
(25, 'miles', 0.000189, 1, 5);

-- --------------------------------------------------------

--
-- Table structure for table `surfpiping`
--

CREATE TABLE `surfpiping` (
  `SurfID` int(11) NOT NULL,
  `ProjectID` int(11) DEFAULT 0,
  `Length` float DEFAULT 0,
  `ID` float DEFAULT 0
) ENGINE=MyISAM DEFAULT CHARSET=utf8;

--
-- Dumping data for table `surfpiping`
--

INSERT INTO `surfpiping` (`SurfID`, `ProjectID`, `Length`, `ID`) VALUES
(1, 1, 10, 5),
(2, 1, 100, 5),
(3, 2, 2, 6),
(4, 3, 200, 4),
(5, 4, 100, 3),
(6, 5, 50, 5),
(7, 6, 80, 6);

-- --------------------------------------------------------

--
-- Table structure for table `survey`
--

CREATE TABLE `survey` (
  `id` int(11) NOT NULL,
  `ProjectID` int(11) DEFAULT 0,
  `MD` float DEFAULT 0,
  `Inc` float DEFAULT 0,
  `Azimuth` float DEFAULT 0,
  `TVD` float DEFAULT 0,
  `North` float DEFAULT 0,
  `East` float DEFAULT 0
) ENGINE=MyISAM DEFAULT CHARSET=utf8;

--
-- Dumping data for table `survey`
--

INSERT INTO `survey` (`id`, `ProjectID`, `MD`, `Inc`, `Azimuth`, `TVD`, `North`, `East`) VALUES
(1, 1, 0, 0, 0, 0, 0, 0),
(3, 1, 200, 0, 150.45, 200, 0, 0),
(4, 1, 300, 0, 150.45, 300, 0, 0),
(5, 1, 400, 0, 150.45, 400, 0, 0),
(6, 1, 500, 0, 150.45, 500, 0, 0),
(7, 1, 600, 0, 150.45, 600, 0, 0),
(8, 1, 700, 0, 150.45, 700, 0, 0),
(9, 1, 800, 0, 150.45, 800, 0, 0),
(10, 1, 900, 0, 150.45, 900, 0, 0),
(11, 1, 1000, 0, 150.45, 1000, 0, 0),
(12, 1, 1100, 0, 150.45, 1100, 0, 0),
(13, 1, 1200, 0, 150.45, 1200, 0, 0),
(14, 1, 1300, 0, 150.45, 1300, 0, 0),
(15, 1, 1400, 0, 150.45, 1400, 0, 0),
(16, 1, 1500, 0, 150.45, 1500, 0, 0),
(17, 1, 1600, 0, 150.45, 1600, 0, 0),
(18, 1, 1700, 0, 150.45, 1700, 0, 0),
(19, 1, 1800, 0, 150.45, 1800, 0, 0),
(20, 1, 1900, 0, 150.45, 1900, 0, 0),
(21, 1, 2000, 0, 150.45, 2000, 0, 0),
(22, 1, 2100, 0, 150.45, 2100, 0, 0),
(23, 1, 2200, 0, 150.45, 2200, 0, 0),
(24, 1, 2300, 0, 150.45, 2300, 0, 0),
(25, 1, 2400, 0, 150.45, 2400, 0, 0),
(26, 1, 2500, 0, 150.45, 2500, 0, 0),
(27, 1, 2600, 0, 150.45, 2600, 0, 0),
(28, 1, 2700, 0, 150.45, 2700, 0, 0),
(29, 1, 2800, 0, 150.45, 2800, 0, 0),
(30, 1, 2900, 0, 150.45, 2900, 0, 0),
(31, 1, 3000, 0, 150.45, 3000, 0, 0),
(32, 1, 3100, 0, 150.45, 3100, 0, 0),
(33, 1, 3200, 0, 150.45, 3200, 0, 0),
(34, 1, 3300, 0, 150.45, 3300, 0, 0),
(35, 1, 3400, 0, 150.45, 3400, 0, 0),
(36, 1, 3500, 0, 150.45, 3500, 0, 0),
(37, 1, 3600, 0, 150.45, 3600, 0, 0),
(38, 1, 3700, 0, 150.45, 3700, 0, 0),
(39, 1, 3800, 0, 150.45, 3800, 0, 0),
(40, 1, 3900, 0, 150.45, 3900, 0, 0),
(41, 1, 4000, 0, 150.45, 4000, 0, 0),
(42, 1, 4100, 0, 150.45, 4100, 0, 0),
(43, 1, 4200, 0, 150.45, 4200, 0, 0),
(44, 1, 4300, 0, 150.45, 4300, 0, 0),
(45, 1, 4400, 0, 150.45, 4400, 0, 0),
(46, 1, 4500, 0, 150.45, 4500, 0, 0),
(47, 1, 4600, 0, 150.45, 4600, 0, 0),
(48, 1, 4700, 0, 150.45, 4700, 0, 0),
(49, 1, 4800, 0, 150.45, 4800, 0, 0),
(50, 1, 4900, 0, 150.45, 4900, 0, 0),
(51, 1, 5000, 0, 150.45, 5000, 0, 0),
(52, 1, 5100, 0, 150.45, 5100, 0, 0),
(53, 1, 5200, 0, 150.45, 5200, 0, 0),
(54, 1, 5300, 0, 150.45, 5300, 0, 0),
(55, 1, 5400, 0, 150.45, 5400, 0, 0),
(56, 1, 5500, 0, 150.45, 5500, 0, 0),
(57, 1, 5533, 0, 150.45, 5533, 0, 0),
(58, 1, 5600, 0.67, 150.45, 5600, -0.3, 0.2),
(59, 1, 5700, 1.67, 150.45, 5700, -2.1, 1.2),
(60, 1, 5800, 2.67, 150.45, 5799.9, -5.4, 3.1),
(61, 1, 5900, 3.67, 150.45, 5899.7, -10.2, 5.8),
(62, 1, 6000, 4.67, 150.45, 5999.4, -16.5, 9.4),
(63, 1, 6100, 5.67, 150.45, 6099, -24.3, 13.8),
(64, 1, 6200, 6.67, 150.45, 6198.4, -33.6, 19.1),
(65, 1, 6300, 7.67, 150.45, 6297.6, -44.5, 25.3),
(66, 1, 6400, 8.67, 150.45, 6396.6, -56.9, 32.3),
(67, 1, 6500, 9.67, 150.45, 6495.3, -70.8, 40.2),
(68, 1, 6600, 10.67, 150.45, 6593.7, -86.2, 48.9),
(69, 1, 6687.91, 11.55, 150.45, 6680, -100.9, 57.3),
(70, 1, 6700, 11.55, 150.45, 6691.8, -103, 58.5),
(71, 1, 6800, 11.55, 150.45, 6789.8, -120.4, 68.4),
(72, 1, 6900, 11.55, 150.45, 6887.8, -137.8, 78.3),
(73, 1, 7000, 11.55, 150.45, 6985.8, -155.2, 88.2),
(74, 1, 7100, 11.55, 150.45, 7083.8, -172.6, 98.1),
(75, 1, 7200, 11.55, 150.45, 7181.8, -190, 108),
(76, 1, 7219.47, 11.55, 150.45, 7200.9, -193.4, 109.9),
(77, 1, 7300, 10.19, 190.17, 7280.1, -207.4, 112.6),
(78, 1, 7400, 14.85, 228.41, 7377.9, -224.7, 101.4),
(79, 1, 7500, 22.51, 245.04, 7472.6, -241.3, 74.4),
(80, 1, 7600, 31.03, 253.22, 7561.8, -256.9, 32.3),
(81, 1, 7700, 39.85, 258.09, 7643.2, -271, -23.8),
(82, 1, 7800, 48.82, 261.43, 7714.7, -283.2, -92.5),
(83, 1, 7900, 57.85, 263.95, 7774.4, -293.3, -172),
(84, 1, 7973.36, 64.51, 265.5, 7809.7, -299.2, -236),
(85, 1, 8000, 67.4, 266.03, 7820.6, -301, -260.3),
(86, 1, 8100, 78.25, 267.86, 7850.1, -306, -355.6),
(87, 1, 8200, 89.12, 269.55, 7861.1, -308.2, -454.8),
(88, 1, 8216.13, 90.87, 269.82, 7861.1, -308.3, -470.9),
(89, 1, 8300, 90.87, 269.82, 7859.8, -308.6, -554.8),
(90, 1, 8400, 90.87, 269.82, 7858.3, -308.9, -654.8),
(91, 1, 8500, 90.87, 269.82, 7856.8, -309.2, -754.8),
(92, 1, 8600, 90.87, 269.82, 7855.3, -309.5, -854.8),
(93, 1, 8700, 90.87, 269.82, 7853.8, -309.8, -954.8),
(94, 1, 8800, 90.87, 269.82, 7852.3, -310.1, -1054.8),
(95, 1, 8900, 90.87, 269.82, 7850.8, -310.4, -1154.8),
(96, 1, 9000, 90.87, 269.82, 7849.3, -310.7, -1254.8),
(97, 1, 9100, 90.87, 269.82, 7847.8, -311, -1354.8),
(98, 1, 9200, 90.87, 269.82, 7846.3, -311.3, -1454.8),
(99, 1, 9300, 90.87, 269.82, 7844.8, -311.6, -1554.8),
(100, 1, 9400, 90.87, 269.82, 7843.3, -311.9, -1654.8),
(101, 1, 9500, 90.87, 269.82, 7841.8, -312.2, -1754.8),
(102, 1, 9600, 90.87, 269.82, 7840.3, -312.5, -1854.8),
(103, 1, 9700, 90.87, 269.82, 7838.8, -312.8, -1954.8),
(104, 1, 9800, 90.87, 269.82, 7837.3, -313.1, -2054.8),
(105, 1, 9900, 90.87, 269.82, 7835.8, -313.4, -2154.8),
(106, 1, 10000, 90.87, 269.82, 7834.3, -313.7, -2254.8),
(107, 1, 10100, 90.87, 269.82, 7832.8, -314, -2354.8),
(108, 1, 10200, 90.87, 269.82, 7831.3, -314.3, -2454.8),
(109, 1, 10300, 90.87, 269.82, 7829.8, -314.6, -2554.8),
(110, 1, 10400, 90.87, 269.82, 7828.3, -314.9, -2654.8),
(111, 1, 10500, 90.87, 269.82, 7826.8, -315.2, -2754.8),
(112, 1, 10600, 90.87, 269.82, 7825.3, -315.5, -2854.8),
(113, 1, 10700, 90.87, 269.82, 7823.8, -315.8, -2954.8),
(114, 1, 10800, 90.87, 269.82, 7822.3, -316.1, -3054.8),
(115, 1, 10900, 90.87, 269.82, 7820.8, -316.4, -3154.8),
(116, 1, 11000, 90.87, 269.82, 7819.3, -316.7, -3254.8),
(117, 1, 11100, 90.87, 269.82, 7817.8, -317, -3354.8),
(118, 1, 11200, 90.87, 269.82, 7816.3, -317.3, -3454.8),
(119, 1, 11300, 90.87, 269.82, 7814.8, -317.6, -3554.8),
(120, 1, 11400, 90.87, 269.82, 7813.3, -317.9, -3654.8),
(121, 1, 11500, 90.87, 269.82, 7811.8, -318.2, -3754.8),
(122, 1, 11600, 90.87, 269.82, 7810.3, -318.5, -3854.8),
(123, 1, 11700, 90.87, 269.82, 7808.8, -318.8, -3954.8),
(124, 1, 11800, 90.87, 269.82, 7807.3, -319.1, -4054.8),
(125, 1, 11900, 90.87, 269.82, 7805.8, -319.4, -4154.8),
(126, 1, 12000, 90.87, 269.82, 7804.3, -319.7, -4254.8),
(127, 1, 12100, 90.87, 269.82, 7802.8, -320, -4354.8),
(128, 1, 12200, 90.87, 269.82, 7801.3, -320.3, -4454.8),
(129, 1, 12300, 90.87, 269.82, 7799.8, -320.6, -4554.8),
(130, 1, 12400, 90.87, 269.82, 7798.3, -320.9, -4654.8),
(131, 1, 12500, 90.87, 269.82, 7796.8, -321.2, -4754.8),
(132, 1, 12600, 90.87, 269.82, 7795.3, -321.5, -4854.8),
(133, 1, 12700, 90.87, 269.82, 7793.8, -321.8, -4954.8),
(134, 1, 12800, 90.87, 269.82, 7792.3, -322.1, -5054.8),
(135, 1, 12900, 90.87, 269.82, 7790.8, -322.4, -5154.8),
(136, 1, 13000, 90.87, 269.82, 7789.3, -322.7, -5254.8),
(137, 1, 13100, 90.87, 269.82, 7787.8, -323, -5354.8),
(138, 1, 13200, 90.87, 269.82, 7786.3, -323.3, -5454.8),
(139, 1, 13300, 90.87, 269.82, 7784.8, -323.6, -5554.8),
(140, 1, 13400, 90.87, 269.82, 7783.3, -323.9, -5654.8),
(141, 1, 13500, 90.87, 269.82, 7781.8, -324.2, -5754.8),
(142, 1, 13600, 90.87, 269.82, 7780.3, -324.5, -5854.8),
(143, 1, 13700, 90.87, 269.82, 7778.8, -324.8, -5954.8),
(144, 1, 13800, 90.87, 269.82, 7777.3, -325.1, -6054.8),
(145, 1, 13900, 90.87, 269.82, 7775.8, -325.4, -6154.8),
(146, 1, 14000, 90.87, 269.82, 7774.3, -325.7, -6254.8),
(147, 1, 14100, 90.87, 269.82, 7772.8, -326, -6354.8),
(148, 1, 14200, 90.87, 269.82, 7771.3, -326.3, -6454.8),
(149, 1, 14300, 90.87, 269.82, 7769.8, -326.6, -6554.8),
(150, 1, 14400, 90.87, 269.82, 7768.3, -326.9, -6654.8),
(151, 1, 14500, 90.87, 269.82, 7766.8, -327.2, -6754.8),
(152, 1, 14600, 90.87, 269.82, 7765.3, -327.5, -6854.8),
(153, 1, 14700, 90.87, 269.82, 7763.8, -327.8, -6954.8),
(154, 1, 14800, 90.87, 269.82, 7762.3, -328.1, -7054.8),
(155, 1, 14900, 90.87, 269.82, 7760.8, -328.4, -7154.8),
(156, 1, 15000, 90.87, 269.82, 7759.3, -328.7, -7254.8),
(157, 1, 15100, 90.87, 269.82, 7757.8, -329, -7354.8),
(158, 1, 15200, 90.87, 269.82, 7756.3, -329.3, -7454.8),
(159, 1, 15300, 90.87, 269.82, 7754.8, -329.6, -7554.8),
(160, 1, 15400, 90.87, 269.82, 7753.3, -329.9, -7654.8),
(161, 1, 15500, 90.87, 269.82, 7751.8, -330.2, -7754.8),
(162, 1, 15508.6, 90.87, 269.82, 7751.7, -330.2, -7763.4),
(163, 1, 18930, 90.87, 269.82, 7699.8, -340.9, -11184.4),
(164, 2, 0, 0, 0, 0, 0, 0),
(165, 2, 100, 0, 0, 100, 0, 0),
(166, 2, 200, 0, 0, 200, 0, 0),
(167, 2, 300, 0, 0, 300, 0, 0),
(168, 2, 400, 0, 0, 400, 0, 0),
(169, 2, 500, 0, 0, 500, 0, 0),
(170, 2, 600, 0, 0, 600, 0, 0),
(172, 2, 800, 0, 0, 800, 0, 0),
(173, 2, 900, 0, 0, 900, 0, 0),
(174, 2, 1000, 0, 0, 1000, 0, 0),
(175, 2, 1100, 0, 0, 1100, 0, 0),
(176, 2, 1200, 0, 0, 1200, 0, 0),
(177, 2, 1300, 0, 0, 1300, 0, 0),
(178, 2, 1400, 0, 0, 1400, 0, 0),
(179, 2, 1500, 0, 0, 1500, 0, 0),
(180, 2, 1600, 0, 0, 1600, 0, 0),
(181, 2, 1700, 0, 0, 1700, 0, 0),
(182, 2, 1800, 0, 0, 1800, 0, 0),
(183, 2, 1900, 0, 0, 1900, 0, 0),
(184, 2, 2000, 0, 0, 2000, 0, 0),
(185, 2, 2100, 0, 0, 2100, 0, 0),
(186, 2, 2200, 0, 0, 2200, 0, 0),
(187, 2, 2300, 0, 0, 2300, 0, 0),
(188, 2, 2400, 0, 0, 2400, 0, 0),
(189, 2, 2500, 0, 0, 2500, 0, 0),
(190, 2, 2600, 0, 0, 2600, 0, 0),
(191, 2, 2700, 0, 0, 2700, 0, 0),
(192, 2, 2800, 0, 0, 2800, 0, 0),
(193, 2, 2900, 0, 0, 2900, 0, 0),
(194, 2, 3000, 0, 0, 3000, 0, 0),
(195, 2, 3100, 0, 0, 3100, 0, 0),
(196, 2, 3200, 0, 0, 3200, 0, 0),
(197, 2, 3300, 0, 0, 3300, 0, 0),
(198, 2, 3400, 0, 0, 3400, 0, 0),
(199, 2, 3500, 0, 0, 3500, 0, 0),
(200, 2, 3600, 0, 0, 3600, 0, 0),
(201, 2, 3650, 0, 0, 3650, 0, 0),
(202, 2, 3700, 0.75, 331.878, 3700, 0.29, -0.15),
(203, 2, 3800, 2.25, 331.878, 3800, 2.6, -1.38),
(204, 2, 3900, 3.75, 331.878, 3899.9, 7.22, -3.85),
(205, 2, 4000, 5.25, 331.878, 3999.6, 14.14, -7.55),
(206, 2, 4100, 6.75, 331.878, 4099, 23.36, -12.48),
(207, 2, 4200, 8.25, 331.878, 4198.1, 34.87, -18.63),
(208, 2, 4300, 9.75, 331.878, 4296.9, 48.67, -26),
(209, 2, 4400.37, 11.256, 331.878, 4395.6, 64.81, -34.62),
(210, 2, 4500, 11.256, 331.878, 4493.3, 81.96, -43.79),
(211, 2, 4600, 11.256, 331.878, 4591.4, 99.17, -52.99),
(212, 2, 4700, 11.256, 331.878, 4689.5, 116.38, -62.19),
(213, 2, 4800, 11.256, 331.878, 4787.6, 133.59, -71.39),
(214, 2, 4900, 11.256, 331.878, 4885.7, 150.8, -80.59),
(215, 2, 5000, 11.256, 331.878, 4983.8, 168.01, -89.79),
(216, 2, 5100, 11.256, 331.878, 5081.9, 185.22, -98.99),
(217, 2, 5200, 11.256, 331.878, 5180, 202.43, -108.19),
(218, 2, 5300, 11.256, 331.878, 5278.1, 219.64, -117.39),
(219, 2, 5400, 11.256, 331.878, 5376.2, 236.85, -126.59),
(220, 2, 5500, 11.256, 331.878, 5474.3, 254.06, -135.79),
(221, 2, 5600, 11.256, 331.878, 5572.4, 271.27, -144.99),
(222, 2, 5700, 11.256, 331.878, 5670.5, 288.48, -154.19),
(223, 2, 5800, 11.256, 331.878, 5768.6, 305.69, -163.39),
(224, 2, 5900, 11.256, 331.878, 5866.7, 322.9, -172.59),
(225, 2, 6000, 11.256, 331.878, 5964.8, 340.11, -181.79),
(226, 2, 6100, 11.256, 331.878, 6062.9, 357.32, -190.99),
(227, 2, 6200, 11.256, 331.878, 6161, 374.53, -200.19),
(228, 2, 6300, 11.256, 331.878, 6259.1, 391.74, -209.39),
(229, 2, 6400, 11.256, 331.878, 6357.2, 408.95, -218.59),
(230, 2, 6500, 11.256, 331.878, 6455.3, 426.16, -227.79),
(231, 2, 6600, 11.256, 331.878, 6553.4, 443.37, -236.99),
(232, 2, 6700, 11.256, 331.878, 6651.5, 460.58, -246.19),
(233, 2, 6800, 11.256, 331.878, 6749.6, 477.79, -255.39),
(234, 2, 6900, 11.256, 331.878, 6847.7, 495, -264.59),
(235, 2, 7000, 11.256, 331.878, 6945.8, 512.21, -273.79),
(236, 2, 7100, 11.256, 331.878, 7043.9, 529.42, -282.99),
(237, 2, 7200, 11.256, 331.878, 7142, 546.63, -292.19),
(238, 2, 7300, 11.256, 331.878, 7240.1, 563.84, -301.39),
(239, 2, 7400, 11.256, 331.878, 7338.2, 581.05, -310.59),
(240, 2, 7500, 11.256, 331.878, 7436.3, 598.26, -319.79),
(241, 2, 7600, 11.256, 331.878, 7534.4, 615.47, -328.99),
(242, 2, 7700, 11.256, 331.878, 7632.5, 632.68, -338.19),
(243, 2, 7800, 11.256, 331.878, 7730.6, 649.89, -347.39),
(244, 2, 7900, 11.256, 331.878, 7828.7, 667.1, -356.59),
(245, 2, 8000, 11.256, 331.878, 7926.8, 684.31, -365.79),
(246, 2, 8100, 11.256, 331.878, 8024.9, 701.52, -374.99),
(247, 2, 8200, 11.256, 331.878, 8123, 718.73, -384.19),
(248, 2, 8300, 11.256, 331.878, 8221.1, 735.94, -393.39),
(249, 2, 8400, 11.256, 331.878, 8319.2, 753.15, -402.59),
(250, 2, 8500, 11.256, 331.878, 8417.3, 770.36, -411.79),
(251, 2, 8538.86, 11.256, 331.878, 8455.4, 777.05, -415.37),
(252, 2, 8600, 10.338, 331.878, 8515.5, 787.15, -420.77),
(253, 2, 8700, 8.838, 331.878, 8614.1, 801.84, -428.62),
(254, 2, 8800, 7.338, 331.878, 8713.1, 814.25, -435.25),
(255, 2, 8900, 5.838, 331.878, 8812.4, 824.37, -440.66),
(256, 2, 9000, 4.338, 331.878, 8912, 832.19, -444.84),
(257, 2, 9100, 2.838, 331.878, 9011.8, 837.71, -447.79),
(258, 2, 9200, 1.338, 331.878, 9111.7, 840.92, -449.51),
(259, 2, 9289.23, 0, 360, 9200.9, 841.84, -450),
(260, 2, 9300, 0, 0, 9211.7, 841.84, -450),
(261, 2, 9400, 0, 0, 9311.7, 841.84, -450),
(262, 2, 9500, 0, 0, 9411.7, 841.84, -450),
(263, 2, 9600, 0, 0, 9511.7, 841.84, -450),
(264, 2, 9700, 0, 0, 9611.7, 841.84, -450),
(265, 2, 9800, 0, 0, 9711.7, 841.84, -450),
(266, 2, 9900, 0, 0, 9811.7, 841.84, -450),
(267, 2, 10000, 0, 0, 9911.7, 841.84, -450),
(268, 2, 10100, 0, 0, 10011.7, 841.84, -450),
(269, 2, 10200, 0, 0, 10111.7, 841.84, -450),
(270, 2, 10300, 0, 0, 10211.7, 841.84, -450),
(271, 2, 10400, 0, 0, 10311.7, 841.84, -450),
(272, 2, 10500, 0, 0, 10411.7, 841.84, -450),
(273, 2, 10600, 0, 0, 10511.7, 841.84, -450),
(274, 2, 10700, 0, 0, 10611.7, 841.84, -450),
(275, 2, 10800, 0, 0, 10711.7, 841.84, -450),
(276, 2, 10900, 0, 0, 10811.7, 841.84, -450),
(277, 2, 11000, 0, 0, 10911.7, 841.84, -450),
(278, 2, 11100, 0, 0, 11011.7, 841.84, -450),
(279, 2, 11200, 0, 0, 11111.7, 841.84, -450),
(280, 2, 11234, 0, 360, 11145.7, 841.84, -450),
(281, 2, 11250, 1.602, 122.861, 11161.7, 841.72, -449.81),
(282, 2, 11300, 6.602, 122.861, 11211.6, 839.78, -446.81),
(283, 2, 11350, 11.602, 122.861, 11261, 835.49, -440.17),
(284, 2, 11400, 16.602, 122.861, 11309.5, 828.88, -429.94),
(285, 2, 11450, 21.602, 122.861, 11356.7, 820, -416.2),
(286, 2, 11500, 26.602, 122.861, 11402.3, 808.92, -399.05),
(287, 2, 11550, 31.602, 122.861, 11446, 795.73, -378.63),
(288, 2, 11600, 36.602, 122.861, 11487.4, 780.52, -355.09),
(289, 2, 11650, 41.602, 122.861, 11526.2, 763.41, -328.61),
(290, 2, 11700, 46.602, 122.861, 11562.1, 744.54, -299.39),
(291, 2, 11750, 51.602, 122.861, 11594.8, 724.04, -267.65),
(292, 2, 11800, 56.602, 122.861, 11624.1, 702.07, -233.64),
(293, 2, 11850, 61.602, 122.861, 11649.8, 678.8, -197.61),
(294, 2, 11900, 66.602, 122.861, 11671.6, 654.4, -159.84),
(295, 2, 11950, 71.602, 122.861, 11689.4, 629.06, -120.62),
(296, 2, 12000, 76.602, 122.861, 11703.1, 602.98, -80.24),
(297, 2, 12050, 81.602, 122.861, 11712.6, 576.35, -39.01),
(298, 2, 12100, 86.602, 122.861, 11717.7, 549.37, 2.75),
(299, 2, 12116.4, 88.245, 122.861, 11718.4, 540.46, 16.54),
(300, 2, 12200, 88.245, 122.861, 11721, 495.14, 86.7),
(301, 3, 0, 0, 0, 0, 0, 0),
(302, 3, 100, 0, 0, 100, 0, 0),
(303, 3, 200, 0, 0, 200, 0, 0),
(304, 3, 300, 0, 0, 300, 0, 0),
(305, 3, 400, 0, 0, 400, 0, 0),
(306, 3, 500, 0, 0, 500, 0, 0),
(307, 3, 600, 0, 0, 600, 0, 0),
(308, 3, 700, 0, 0, 700, 0, 0),
(309, 3, 800, 0, 0, 800, 0, 0),
(310, 3, 900, 0, 0, 900, 0, 0),
(311, 3, 1000, 0, 0, 1000, 0, 0),
(312, 3, 1100, 0, 0, 1100, 0, 0),
(313, 3, 1200, 0, 0, 1200, 0, 0),
(314, 3, 1300, 0, 0, 1300, 0, 0),
(315, 3, 1400, 0, 0, 1400, 0, 0),
(316, 3, 1500, 0, 0, 1500, 0, 0),
(317, 3, 1600, 0, 0, 1600, 0, 0),
(318, 3, 1700, 0, 0, 1700, 0, 0),
(319, 3, 1800, 0, 0, 1800, 0, 0),
(320, 3, 1900, 0, 0, 1900, 0, 0),
(321, 3, 2000, 0, 0, 2000, 0, 0),
(322, 3, 2100, 0, 0, 2100, 0, 0),
(323, 3, 2200, 0, 0, 2200, 0, 0),
(324, 3, 2300, 0, 0, 2300, 0, 0),
(325, 3, 2400, 0, 0, 2400, 0, 0),
(326, 3, 2500, 0, 0, 2500, 0, 0),
(327, 3, 2600, 0, 0, 2600, 0, 0),
(328, 3, 2700, 0, 0, 2700, 0, 0),
(329, 3, 2800, 0, 0, 2800, 0, 0),
(330, 3, 2900, 0, 0, 2900, 0, 0),
(331, 3, 3000, 0, 0, 3000, 0, 0),
(332, 3, 3100, 0, 0, 3100, 0, 0),
(333, 3, 3200, 0, 0, 3200, 0, 0),
(334, 3, 3300, 0, 0, 3300, 0, 0),
(335, 3, 3400, 0, 0, 3400, 0, 0),
(336, 3, 3500, 0, 0, 3500, 0, 0),
(337, 3, 3600, 0, 0, 3600, 0, 0),
(338, 3, 3650, 0, 0, 3650, 0, 0),
(339, 3, 3700, 0.75, 331.878, 3700, 0.29, -0.15),
(340, 3, 3800, 2.25, 331.878, 3800, 2.6, -1.38),
(341, 3, 3900, 3.75, 331.878, 3899.9, 7.22, -3.85),
(342, 3, 4000, 5.25, 331.878, 3999.6, 14.14, -7.55),
(343, 3, 4100, 6.75, 331.878, 4099, 23.36, -12.48),
(344, 3, 4200, 8.25, 331.878, 4198.1, 34.87, -18.63),
(345, 3, 4300, 9.75, 331.878, 4296.9, 48.67, -26),
(346, 3, 4400.37, 11.256, 331.878, 4395.6, 64.81, -34.62),
(347, 3, 4500, 11.256, 331.878, 4493.3, 81.96, -43.79),
(348, 3, 4600, 11.256, 331.878, 4591.4, 99.17, -52.99),
(349, 3, 4700, 11.256, 331.878, 4689.5, 116.38, -62.19),
(350, 3, 4800, 11.256, 331.878, 4787.6, 133.59, -71.39),
(351, 3, 4900, 11.256, 331.878, 4885.7, 150.8, -80.59),
(352, 3, 5000, 11.256, 331.878, 4983.8, 168.01, -89.79),
(353, 3, 5100, 11.256, 331.878, 5081.9, 185.22, -98.99),
(354, 3, 5200, 11.256, 331.878, 5180, 202.43, -108.19),
(355, 3, 5300, 11.256, 331.878, 5278.1, 219.64, -117.39),
(356, 3, 5400, 11.256, 331.878, 5376.2, 236.85, -126.59),
(357, 3, 5500, 11.256, 331.878, 5474.3, 254.06, -135.79),
(358, 3, 5600, 11.256, 331.878, 5572.4, 271.27, -144.99),
(359, 3, 5700, 11.256, 331.878, 5670.5, 288.48, -154.19),
(360, 3, 5800, 11.256, 331.878, 5768.6, 305.69, -163.39),
(361, 3, 5900, 11.256, 331.878, 5866.7, 322.9, -172.59),
(362, 3, 6000, 11.256, 331.878, 5964.8, 340.11, -181.79),
(363, 3, 6100, 11.256, 331.878, 6062.9, 357.32, -190.99),
(364, 3, 6200, 11.256, 331.878, 6161, 374.53, -200.19),
(365, 3, 6300, 11.256, 331.878, 6259.1, 391.74, -209.39),
(366, 3, 6400, 11.256, 331.878, 6357.2, 408.95, -218.59),
(367, 3, 6500, 11.256, 331.878, 6455.3, 426.16, -227.79),
(368, 3, 6600, 11.256, 331.878, 6553.4, 443.37, -236.99),
(369, 3, 6700, 11.256, 331.878, 6651.5, 460.58, -246.19),
(370, 3, 6800, 11.256, 331.878, 6749.6, 477.79, -255.39),
(371, 3, 6900, 11.256, 331.878, 6847.7, 495, -264.59),
(372, 3, 7000, 11.256, 331.878, 6945.8, 512.21, -273.79),
(373, 3, 7100, 11.256, 331.878, 7043.9, 529.42, -282.99),
(374, 3, 7200, 11.256, 331.878, 7142, 546.63, -292.19),
(375, 3, 7300, 11.256, 331.878, 7240.1, 563.84, -301.39),
(376, 3, 7400, 11.256, 331.878, 7338.2, 581.05, -310.59),
(377, 3, 7500, 11.256, 331.878, 7436.3, 598.26, -319.79),
(378, 3, 7600, 11.256, 331.878, 7534.4, 615.47, -328.99),
(379, 3, 7700, 11.256, 331.878, 7632.5, 632.68, -338.19),
(380, 3, 7800, 11.256, 331.878, 7730.6, 649.89, -347.39),
(381, 3, 7900, 11.256, 331.878, 7828.7, 667.1, -356.59),
(382, 3, 8000, 11.256, 331.878, 7926.8, 684.31, -365.79),
(383, 3, 8100, 11.256, 331.878, 8024.9, 701.52, -374.99),
(384, 3, 8200, 11.256, 331.878, 8123, 718.73, -384.19),
(385, 3, 8300, 11.256, 331.878, 8221.1, 735.94, -393.39),
(386, 3, 8400, 11.256, 331.878, 8319.2, 753.15, -402.59),
(387, 3, 8500, 11.256, 331.878, 8417.3, 770.36, -411.79),
(388, 3, 8538.86, 11.256, 331.878, 8455.4, 777.05, -415.37),
(389, 3, 8600, 10.338, 331.878, 8515.5, 787.15, -420.77),
(390, 3, 8700, 8.838, 331.878, 8614.1, 801.84, -428.62),
(391, 3, 8800, 7.338, 331.878, 8713.1, 814.25, -435.25),
(392, 3, 8900, 5.838, 331.878, 8812.4, 824.37, -440.66),
(393, 3, 9000, 4.338, 331.878, 8912, 832.19, -444.84),
(394, 3, 9100, 2.838, 331.878, 9011.8, 837.71, -447.79),
(395, 3, 9200, 1.338, 331.878, 9111.7, 840.92, -449.51),
(396, 3, 9289.23, 0, 360, 9200.9, 841.84, -450),
(397, 3, 9300, 0, 0, 9211.7, 841.84, -450),
(398, 3, 9400, 0, 0, 9311.7, 841.84, -450),
(399, 3, 9500, 0, 0, 9411.7, 841.84, -450),
(400, 3, 9600, 0, 0, 9511.7, 841.84, -450),
(401, 3, 9700, 0, 0, 9611.7, 841.84, -450),
(402, 3, 9800, 0, 0, 9711.7, 841.84, -450),
(403, 3, 9900, 0, 0, 9811.7, 841.84, -450),
(404, 3, 10000, 0, 0, 9911.7, 841.84, -450),
(405, 4, 0, 0, 0, 0, 0, 0),
(406, 4, 100, 0, 0, 100, 0, 0),
(407, 4, 200, 0, 0, 200, 0, 0),
(408, 4, 300, 0, 0, 300, 0, 0),
(409, 4, 400, 0, 0, 400, 0, 0),
(410, 4, 500, 0, 0, 500, 0, 0),
(411, 4, 600, 0, 0, 600, 0, 0),
(412, 4, 700, 0, 0, 700, 0, 0),
(413, 4, 800, 0, 0, 800, 0, 0),
(414, 4, 900, 0, 0, 900, 0, 0),
(415, 4, 1000, 0, 0, 1000, 0, 0),
(416, 4, 1100, 0, 0, 1100, 0, 0),
(417, 4, 1200, 0, 0, 1200, 0, 0),
(418, 4, 1300, 0, 0, 1300, 0, 0),
(419, 4, 1400, 0, 0, 1400, 0, 0),
(420, 4, 1500, 0, 0, 1500, 0, 0),
(421, 4, 1600, 0, 0, 1600, 0, 0),
(422, 4, 1700, 0, 0, 1700, 0, 0),
(423, 4, 1800, 0, 0, 1800, 0, 0),
(424, 4, 1900, 0, 0, 1900, 0, 0),
(425, 4, 2000, 0, 0, 2000, 0, 0),
(426, 4, 2100, 0, 0, 2100, 0, 0),
(427, 4, 2200, 0, 0, 2200, 0, 0),
(428, 4, 2300, 0, 0, 2300, 0, 0),
(429, 4, 2400, 0, 0, 2400, 0, 0),
(430, 4, 2500, 0, 0, 2500, 0, 0),
(431, 4, 2600, 0, 0, 2600, 0, 0),
(432, 4, 2700, 0, 0, 2700, 0, 0),
(433, 4, 2800, 0, 0, 2800, 0, 0),
(434, 4, 2900, 0, 0, 2900, 0, 0),
(435, 4, 3000, 0, 0, 3000, 0, 0),
(436, 4, 3100, 0, 0, 3100, 0, 0),
(437, 4, 3200, 0, 0, 3200, 0, 0),
(438, 4, 3300, 0, 0, 3300, 0, 0),
(439, 4, 3400, 0, 0, 3400, 0, 0),
(440, 4, 3500, 0, 0, 3500, 0, 0),
(441, 4, 3600, 0, 0, 3600, 0, 0),
(442, 4, 3650, 0, 0, 3650, 0, 0),
(443, 4, 3700, 0.75, 331.878, 3700, 0.29, -0.15),
(444, 4, 3800, 2.25, 331.878, 3800, 2.6, -1.38),
(445, 4, 3900, 3.75, 331.878, 3899.9, 7.22, -3.85),
(446, 4, 4000, 5.25, 331.878, 3999.6, 14.14, -7.55),
(447, 4, 4100, 6.75, 331.878, 4099, 23.36, -12.48),
(448, 4, 4200, 8.25, 331.878, 4198.1, 34.87, -18.63),
(449, 4, 4300, 9.75, 331.878, 4296.9, 48.67, -26),
(450, 4, 4400.37, 11.256, 331.878, 4395.6, 64.81, -34.62),
(451, 4, 4500, 11.256, 331.878, 4493.3, 81.96, -43.79),
(452, 4, 4600, 11.256, 331.878, 4591.4, 99.17, -52.99),
(453, 4, 4700, 11.256, 331.878, 4689.5, 116.38, -62.19),
(454, 4, 4800, 11.256, 331.878, 4787.6, 133.59, -71.39),
(455, 4, 4900, 11.256, 331.878, 4885.7, 150.8, -80.59),
(456, 4, 5000, 11.256, 331.878, 4983.8, 168.01, -89.79),
(457, 4, 5100, 11.256, 331.878, 5081.9, 185.22, -98.99),
(458, 4, 5200, 11.256, 331.878, 5180, 202.43, -108.19),
(459, 4, 5300, 11.256, 331.878, 5278.1, 219.64, -117.39),
(460, 4, 5400, 11.256, 331.878, 5376.2, 236.85, -126.59),
(461, 4, 5500, 11.256, 331.878, 5474.3, 254.06, -135.79),
(462, 4, 5600, 11.256, 331.878, 5572.4, 271.27, -144.99),
(463, 4, 5700, 11.256, 331.878, 5670.5, 288.48, -154.19),
(464, 4, 5800, 11.256, 331.878, 5768.6, 305.69, -163.39),
(465, 4, 5900, 11.256, 331.878, 5866.7, 322.9, -172.59),
(466, 4, 6000, 11.256, 331.878, 5964.8, 340.11, -181.79),
(467, 4, 6100, 11.256, 331.878, 6062.9, 357.32, -190.99),
(468, 4, 6200, 11.256, 331.878, 6161, 374.53, -200.19),
(469, 4, 6300, 11.256, 331.878, 6259.1, 391.74, -209.39),
(470, 4, 6400, 11.256, 331.878, 6357.2, 408.95, -218.59),
(471, 4, 6500, 11.256, 331.878, 6455.3, 426.16, -227.79),
(472, 4, 6600, 11.256, 331.878, 6553.4, 443.37, -236.99),
(473, 4, 6700, 11.256, 331.878, 6651.5, 460.58, -246.19),
(474, 4, 6800, 11.256, 331.878, 6749.6, 477.79, -255.39),
(475, 4, 6900, 11.256, 331.878, 6847.7, 495, -264.59),
(476, 4, 7000, 11.256, 331.878, 6945.8, 512.21, -273.79),
(477, 4, 7100, 11.256, 331.878, 7043.9, 529.42, -282.99),
(478, 4, 7200, 11.256, 331.878, 7142, 546.63, -292.19),
(479, 4, 7300, 11.256, 331.878, 7240.1, 563.84, -301.39),
(480, 4, 7400, 11.256, 331.878, 7338.2, 581.05, -310.59),
(481, 4, 7500, 11.256, 331.878, 7436.3, 598.26, -319.79),
(482, 4, 7600, 11.256, 331.878, 7534.4, 615.47, -328.99),
(483, 4, 7700, 11.256, 331.878, 7632.5, 632.68, -338.19),
(484, 4, 7800, 11.256, 331.878, 7730.6, 649.89, -347.39),
(485, 4, 7900, 11.256, 331.878, 7828.7, 667.1, -356.59),
(486, 4, 8000, 11.256, 331.878, 7926.8, 684.31, -365.79),
(487, 4, 8100, 11.256, 331.878, 8024.9, 701.52, -374.99),
(488, 4, 8200, 11.256, 331.878, 8123, 718.73, -384.19),
(489, 4, 8300, 11.256, 331.878, 8221.1, 735.94, -393.39),
(490, 4, 8400, 11.256, 331.878, 8319.2, 753.15, -402.59),
(491, 4, 8500, 11.256, 331.878, 8417.3, 770.36, -411.79),
(492, 4, 8538.86, 11.256, 331.878, 8455.4, 777.05, -415.37),
(493, 4, 8600, 10.338, 331.878, 8515.5, 787.15, -420.77),
(494, 4, 8700, 8.838, 331.878, 8614.1, 801.84, -428.62),
(495, 4, 8800, 7.338, 331.878, 8713.1, 814.25, -435.25),
(496, 4, 8900, 5.838, 331.878, 8812.4, 824.37, -440.66),
(497, 4, 9000, 4.338, 331.878, 8912, 832.19, -444.84),
(498, 4, 9100, 2.838, 331.878, 9011.8, 837.71, -447.79),
(499, 4, 9200, 1.338, 331.878, 9111.7, 840.92, -449.51),
(500, 4, 9289.23, 0, 360, 9200.9, 841.84, -450),
(501, 4, 9300, 0, 0, 9211.7, 841.84, -450),
(502, 4, 9400, 0, 0, 9311.7, 841.84, -450),
(503, 4, 9500, 0, 0, 9411.7, 841.84, -450),
(504, 4, 9600, 0, 0, 9511.7, 841.84, -450),
(505, 4, 9700, 0, 0, 9611.7, 841.84, -450),
(506, 4, 9800, 0, 0, 9711.7, 841.84, -450),
(507, 4, 9900, 0, 0, 9811.7, 841.84, -450),
(508, 4, 10000, 0, 0, 9911.7, 841.84, -450),
(509, 4, 10100, 0, 0, 10011.7, 841.84, -450),
(510, 4, 10200, 0, 0, 10111.7, 841.84, -450),
(511, 4, 10300, 0, 0, 10211.7, 841.84, -450),
(512, 4, 10400, 0, 0, 10311.7, 841.84, -450),
(513, 4, 10500, 0, 0, 10411.7, 841.84, -450),
(514, 4, 10600, 0, 0, 10511.7, 841.84, -450),
(515, 4, 10700, 0, 0, 10611.7, 841.84, -450),
(516, 4, 10800, 0, 0, 10711.7, 841.84, -450),
(517, 4, 10900, 0, 0, 10811.7, 841.84, -450),
(518, 4, 11000, 0, 0, 10911.7, 841.84, -450),
(519, 4, 11100, 0, 0, 11011.7, 841.84, -450),
(520, 4, 11200, 0, 0, 11111.7, 841.84, -450),
(521, 4, 11234, 0, 360, 11145.7, 841.84, -450),
(522, 4, 11250, 1.602, 122.861, 11161.7, 841.72, -449.81),
(523, 4, 11300, 6.602, 122.861, 11211.6, 839.78, -446.81),
(524, 4, 11350, 11.602, 122.861, 11261, 835.49, -440.17),
(525, 4, 11400, 16.602, 122.861, 11309.5, 828.88, -429.94),
(526, 4, 11450, 21.602, 122.861, 11356.7, 820, -416.2),
(527, 4, 11500, 26.602, 122.861, 11402.3, 808.92, -399.05),
(528, 4, 11550, 31.602, 122.861, 11446, 795.73, -378.63),
(529, 4, 11600, 36.602, 122.861, 11487.4, 780.52, -355.09),
(530, 4, 11650, 41.602, 122.861, 11526.2, 763.41, -328.61),
(531, 4, 11700, 46.602, 122.861, 11562.1, 744.54, -299.39),
(532, 4, 11750, 51.602, 122.861, 11594.8, 724.04, -267.65),
(533, 4, 11800, 56.602, 122.861, 11624.1, 702.07, -233.64),
(534, 4, 11850, 61.602, 122.861, 11649.8, 678.8, -197.61),
(535, 4, 11900, 66.602, 122.861, 11671.6, 654.4, -159.84),
(536, 4, 11950, 71.602, 122.861, 11689.4, 629.06, -120.62),
(537, 4, 12000, 76.602, 122.861, 11703.1, 602.98, -80.24),
(538, 4, 12050, 81.602, 122.861, 11712.6, 576.35, -39.01),
(539, 4, 12100, 86.602, 122.861, 11717.7, 549.37, 2.75),
(540, 4, 12116.4, 88.245, 122.861, 11718.4, 540.46, 16.54),
(541, 4, 12200, 88.245, 122.861, 11721, 495.14, 86.7),
(542, 4, 12300, 88.245, 122.861, 11724.1, 440.91, 170.66),
(543, 4, 12400, 88.245, 122.861, 11727.2, 386.68, 254.62),
(544, 4, 12500, 88.245, 122.861, 11730.3, 332.45, 338.58),
(545, 4, 12600, 88.245, 122.861, 11733.4, 278.22, 422.54),
(546, 4, 12700, 88.245, 122.861, 11736.5, 223.99, 506.5),
(547, 4, 12800, 88.245, 122.861, 11739.6, 169.76, 590.46),
(548, 4, 12900, 88.245, 122.861, 11742.7, 115.53, 674.42),
(549, 4, 13000, 88.245, 122.861, 11745.8, 61.3, 758.38),
(550, 4, 13100, 88.245, 122.861, 11748.9, 7.07, 842.34),
(551, 4, 13200, 88.245, 122.861, 11752, -47.16, 926.3),
(552, 4, 13300, 88.245, 122.861, 11755.1, -101.39, 1010.26),
(553, 4, 13400, 88.245, 122.861, 11758.2, -155.62, 1094.22),
(554, 4, 13500, 88.245, 122.861, 11761.3, -209.85, 1178.18),
(555, 4, 13600, 88.245, 122.861, 11764.4, -264.08, 1262.14),
(556, 4, 13700, 88.245, 122.861, 11767.5, -318.31, 1346.1),
(557, 4, 13800, 88.245, 122.861, 11770.6, -372.54, 1430.06),
(558, 4, 13900, 88.245, 122.861, 11773.7, -426.77, 1514.02),
(559, 4, 14000, 88.245, 122.861, 11776.8, -481, 1597.98),
(560, 4, 14100, 88.245, 122.861, 11779.9, -535.23, 1681.94),
(561, 4, 14200, 88.245, 122.861, 11783, -589.46, 1765.9),
(562, 4, 14300, 88.245, 122.861, 11786.1, -643.69, 1849.86),
(563, 4, 14400, 88.245, 122.861, 11789.2, -697.92, 1933.82),
(564, 4, 14500, 88.245, 122.861, 11792.3, -752.15, 2017.78),
(565, 4, 14600, 88.245, 122.861, 11795.4, -806.38, 2101.74),
(566, 4, 14700, 88.245, 122.861, 11798.5, -860.61, 2185.7),
(567, 4, 14800, 88.245, 122.861, 11801.6, -914.84, 2269.66),
(568, 4, 14900, 88.245, 122.861, 11804.7, -969.07, 2353.62),
(569, 4, 15000, 88.245, 122.861, 11807.8, -1023.3, 2437.58),
(570, 4, 15100, 88.245, 122.861, 11810.9, -1077.53, 2521.54),
(571, 4, 15200, 88.245, 122.861, 11814, -1131.76, 2605.5),
(572, 4, 15300, 88.245, 122.861, 11817.1, -1185.99, 2689.46),
(573, 4, 15400, 88.245, 122.861, 11820.2, -1240.22, 2773.42),
(574, 4, 15497.5, 88.245, 122.861, 11823.2, -1293.08, 2855.26),
(575, 4, 15503, 88.356, 122.861, 11823.4, -1296.08, 2859.91),
(576, 4, 15600, 88.356, 122.861, 11826.2, -1348.69, 2941.35),
(577, 4, 15700, 88.356, 122.861, 11829.1, -1402.93, 3025.31),
(578, 4, 15800, 88.356, 122.861, 11832, -1457.17, 3109.27),
(579, 4, 15900, 88.356, 122.861, 11834.9, -1511.41, 3193.23),
(580, 4, 16000, 88.356, 122.861, 11837.8, -1565.65, 3277.19),
(581, 4, 16100, 88.356, 122.861, 11840.7, -1619.89, 3361.15),
(582, 4, 16200, 88.356, 122.861, 11843.6, -1674.13, 3445.11),
(583, 4, 16300, 88.356, 122.861, 11846.5, -1728.37, 3529.07),
(584, 4, 16400, 88.356, 122.861, 11849.4, -1782.61, 3613.03),
(585, 4, 16500, 88.356, 122.861, 11852.3, -1836.85, 3696.99),
(586, 4, 16600, 88.356, 122.861, 11855.2, -1891.09, 3780.95),
(587, 4, 16700, 88.356, 122.861, 11858.1, -1945.33, 3864.91),
(588, 4, 16800, 88.356, 122.861, 11861, -1999.57, 3948.87),
(589, 4, 16900, 88.356, 122.861, 11863.9, -2053.81, 4032.83),
(590, 4, 17000, 88.356, 122.861, 11866.8, -2108.05, 4116.79),
(591, 4, 17100, 88.356, 122.861, 11869.7, -2162.29, 4200.75),
(592, 4, 17200, 88.356, 122.861, 11872.6, -2216.53, 4284.71),
(593, 4, 17300, 88.356, 122.861, 11875.5, -2270.77, 4368.67),
(594, 4, 17400, 88.356, 122.861, 11878.4, -2325.01, 4452.63),
(595, 4, 17500, 88.356, 122.861, 11881.3, -2379.25, 4536.59),
(596, 4, 17600, 88.356, 122.861, 11884.2, -2433.49, 4620.55),
(597, 4, 17700, 88.356, 122.861, 11887.1, -2487.73, 4704.51),
(598, 4, 17800, 88.356, 122.861, 11890, -2541.97, 4788.47),
(599, 4, 17900, 88.356, 122.861, 11892.9, -2596.21, 4872.43),
(600, 4, 18000, 88.356, 122.861, 11895.8, -2650.45, 4956.39),
(601, 4, 18100, 88.356, 122.861, 11898.7, -2704.69, 5040.35),
(602, 4, 18200, 88.356, 122.861, 11901.6, -2758.93, 5124.31),
(603, 4, 18300, 88.356, 122.861, 11904.5, -2813.17, 5208.27),
(604, 4, 18400, 88.356, 122.861, 11907.4, -2867.41, 5292.23),
(605, 4, 18500, 88.356, 122.861, 11910.3, -2921.65, 5376.19),
(606, 4, 18600, 88.356, 122.861, 11913.2, -2975.89, 5460.15),
(607, 4, 18700, 88.356, 122.861, 11916.1, -3030.13, 5544.11),
(608, 4, 18749.7, 88.356, 122.861, 11917.5, -3057.1, 5585.87),
(609, 4, 18800, 88.356, 122.861, 11918.9, -3057.1, 5585.87),
(610, 5, 0, 0, 0, 0, 0, 0),
(611, 5, 213, 0.17, 119.01, 213, -0.2, 0.3),
(612, 5, 304, 0.19, 138.1, 304, -0.4, 0.5),
(613, 5, 394, 0.22, 134.24, 394, -0.6, 0.7),
(614, 5, 485, 0.31, 174.09, 485, -1, 0.9),
(615, 5, 575, 0.53, 160.04, 575, -1.6, 1.1),
(616, 5, 666, 0.33, 154.37, 666, -2.2, 1.4),
(617, 5, 757, 0.45, 159.9, 757, -2.8, 1.6),
(618, 5, 847, 0.36, 159.69, 847, -3.4, 1.8),
(619, 5, 938, 0.2, 142.38, 938, -3.8, 2),
(620, 5, 1028, 0.4, 21.9, 1028, -3.6, 2.2),
(621, 5, 1119, 0.55, 17.5, 1119, -2.9, 2.4),
(622, 5, 1209, 0.53, 7.79, 1209, -2.1, 2.6),
(623, 5, 1389, 1, 21.28, 1389, 0.2, 3.3),
(624, 5, 1479, 1.05, 30.53, 1479, 1.6, 4),
(625, 5, 1569, 0.86, 47.96, 1569, 2.8, 4.9),
(626, 5, 1749, 0.86, 35.12, 1749, 4.8, 6.7),
(627, 5, 1929, 1.13, 47.67, 1929, 7.1, 8.8),
(628, 5, 2018, 1.23, 102.19, 2018, 7.5, 10.4),
(629, 5, 2108, 1.05, 83.86, 2108, 7.4, 12.2),
(630, 5, 2288, 0.75, 81.92, 2288, 7.7, 15),
(631, 5, 2378, 1.85, 78.11, 2378, 8.1, 17),
(632, 5, 2468, 1.53, 83.62, 2468, 8.5, 19.6),
(633, 5, 2558, 0.74, 316.16, 2558, 9.1, 20.4),
(634, 5, 2738, 0.88, 298.12, 2738, 10.6, 18.4),
(635, 5, 2828, 0.57, 260.39, 2828, 10.9, 17.3),
(636, 5, 2873, 0.56, 243.62, 2873, 10.8, 16.9),
(637, 5, 2918, 0.44, 229.36, 2918, 10.6, 16.6),
(638, 5, 2963, 0.4, 246.33, 2963, 10.4, 16.3),
(639, 5, 3008, 0.37, 217.23, 3008, 10.2, 16.1),
(640, 5, 3053, 0.74, 206.91, 3053, 9.8, 15.9),
(641, 5, 3098, 0.94, 180.37, 3098, 9.2, 15.8),
(642, 5, 3125, 0.94, 185.18, 3125, 8.8, 15.8),
(643, 5, 3243, 0.87, 175.78, 3243, 6.9, 15.8),
(644, 5, 3333, 1.06, 170.66, 3333, 5.4, 16),
(645, 5, 3423, 1.01, 171.28, 3423, 3.8, 16.3),
(646, 5, 3514, 1, 159.46, 3514, 2.3, 16.7),
(647, 5, 3604, 0.93, 154.79, 3604, 0.9, 17.3),
(648, 5, 3694, 1.19, 154.36, 3694, -0.6, 18),
(649, 5, 3784, 1.37, 149.98, 3784, -2.4, 18.9),
(650, 5, 3875, 0.62, 148.6, 3875, -3.8, 19.7),
(651, 5, 3964, 0.59, 137.9, 3964, -4.6, 20.3),
(652, 5, 4055, 0.87, 298.12, 4055, -4.6, 20),
(653, 5, 4145, 0.93, 294.25, 4145, -4, 18.7),
(654, 5, 4235, 1.12, 300.61, 4235, -3.3, 17.3),
(655, 5, 4325, 0.89, 295.04, 4325, -2.6, 15.9),
(656, 5, 4415, 1.36, 280.56, 4415, -2.1, 14.2),
(657, 5, 4505, 0.84, 292.4, 4505, -1.7, 12.5),
(658, 5, 4685, 0.78, 290.22, 4685, -0.8, 10.1),
(659, 5, 4775, 0.74, 295.27, 4775, -0.3, 9),
(660, 5, 4866, 0.74, 291.3, 4866, 0.2, 7.9),
(661, 5, 4956, 0.88, 288.93, 4956, 0.6, 6.7),
(662, 5, 5046, 0.96, 294.67, 5046, 1.1, 5.4),
(663, 5, 5136, 1.05, 283.59, 5136, 1.6, 3.9),
(664, 5, 5226, 0.88, 284.33, 5226, 2, 2.4),
(665, 5, 5316, 0.84, 287.43, 5316, 2.4, 1.1),
(666, 5, 5496, 0.87, 291.79, 5496, 3.3, -1.4),
(667, 5, 5587, 0.86, 288.02, 5587, 3.8, -2.7),
(668, 5, 5766, 0.75, 264.26, 5766, 4.1, -5.1),
(669, 5, 5856, 0.77, 256.53, 5856, 3.9, -6.3),
(670, 5, 5946, 0.7, 265.03, 5946, 3.7, -7.4),
(671, 5, 6036, 0.7, 263.37, 6036, 3.6, -8.5),
(672, 5, 6125, 0.68, 267.37, 6125, 3.5, -9.6),
(673, 5, 6215, 0.58, 267.85, 6215, 3.5, -10.6),
(674, 5, 6305, 0.66, 278.87, 6305, 3.6, -11.6),
(675, 5, 6395, 0.61, 284.17, 6395, 3.8, -12.6),
(676, 5, 6485, 0.57, 275.17, 6485, 4, -13.5),
(677, 5, 6575, 0.41, 281.6, 6575, 4.1, -14.3),
(678, 5, 6665, 0.47, 272.99, 6665, 4.2, -15),
(679, 5, 6845, 0.5, 291.82, 6845, 4.5, -16.5),
(680, 5, 6935, 0.67, 298.2, 6935, 4.9, -17.3),
(681, 5, 7028, 0.45, 277.29, 7028, 5.2, -18.1),
(682, 5, 7116, 0.51, 284.48, 7116, 5.3, -18.8),
(683, 5, 7206, 0.5, 284.04, 7206, 5.5, -19.6),
(684, 5, 7296, 0.41, 291.27, 7296, 5.7, -20.3),
(685, 5, 7387, 0.45, 301.62, 7387, 6, -20.9),
(686, 5, 7477, 0.38, 322.63, 7477, 6.4, -21.4),
(687, 5, 7567, 0.56, 323.48, 7567, 7, -21.8),
(688, 5, 7657, 0.55, 339.39, 7657, 7.8, -22.2),
(689, 5, 7747, 0.57, 355.85, 7747, 8.7, -22.4),
(690, 5, 7837, 0.63, 1.17, 7837, 9.6, -22.4),
(691, 5, 7927, 0.68, 357.68, 7927, 10.6, -22.4),
(692, 5, 8017, 0.76, 4.84, 8017, 11.7, -22.4),
(693, 5, 8107, 0.51, 35.89, 8107, 12.6, -22.1),
(694, 5, 8197, 0.62, 81.08, 8197, 13, -21.4),
(695, 5, 8287, 0.86, 88.22, 8287, 13.1, -20.2),
(696, 5, 8377, 0.62, 116.92, 8377, 12.9, -19.1),
(697, 5, 8467, 0.62, 118.71, 8467, 12.4, -18.2),
(698, 5, 8557, 0.68, 111, 8557, 12, -17.3),
(699, 5, 8647, 0.63, 105.88, 8647, 11.7, -16.3),
(700, 5, 8737, 0.62, 123.82, 8737, 11.3, -15.4),
(701, 5, 8826, 0.56, 128.16, 8826, 10.8, -14.7),
(702, 5, 8916, 0.66, 115.76, 8916, 10.3, -13.9),
(703, 5, 9006, 0.75, 103.34, 9006, 9.9, -12.9),
(704, 5, 9096, 1, 117.69, 9096, 9.4, -11.6),
(705, 5, 9187, 0.92, 118.96, 9187, 8.7, -10.3),
(706, 5, 9277, 0.98, 109.97, 9277, 8.1, -8.9),
(707, 5, 9367, 1, 107.89, 9367, 7.6, -7.4),
(708, 5, 9457, 1, 99.69, 9457, 7.2, -5.9),
(709, 5, 9547, 0.75, 122.67, 9547, 6.7, -4.6),
(710, 5, 9637, 0.76, 118.54, 9637, 6.1, -3.6),
(711, 5, 9727, 0.72, 118.23, 9727, 5.5, -2.6),
(712, 5, 9817, 0.86, 107.17, 9817, 5, -1.5),
(713, 5, 9908, 0.93, 99.07, 9908, 4.7, -0.1),
(714, 5, 9998, 0.87, 98.54, 9998, 4.5, 1.3),
(715, 5, 10088, 0.81, 94.43, 10088, 4.3, 2.6),
(716, 5, 10178, 0.96, 93.61, 10178, 4.2, 4),
(717, 5, 10268, 0.86, 88.71, 10268, 4.2, 5.4),
(718, 5, 10358, 0.96, 86.28, 10358, 4.3, 6.8),
(719, 5, 10447, 1.06, 83.67, 10447, 4.4, 8.4),
(720, 5, 10537, 0.8, 95.49, 10537, 4.4, 9.9),
(721, 5, 10628, 0.76, 95.75, 10628, 4.3, 11.1),
(722, 5, 10718, 0.45, 122.89, 10718, 4, 12),
(723, 5, 10808, 0.38, 196.93, 10808, 3.5, 12.2),
(724, 5, 10898, 0.47, 211.28, 10898, 2.9, 11.9),
(725, 5, 10988, 0.31, 201.27, 10988, 2.4, 11.6),
(726, 5, 11078, 0.19, 164.87, 11078, 2, 11.6),
(727, 5, 11168, 0, 139.08, 11168, 1.9, 11.6),
(728, 5, 11258, 0.28, 351.34, 11258, 2.1, 11.6),
(729, 5, 11347, 0.33, 348.29, 11347, 2.6, 11.5),
(730, 5, 11437, 0.45, 2.09, 11437, 3.2, 11.5),
(731, 5, 11528, 0.74, 3.53, 11528, 4.1, 11.5),
(732, 5, 11618, 1.07, 4.05, 11618, 5.5, 11.6),
(733, 5, 11708, 1.08, 1.89, 11708, 7.2, 11.7),
(734, 5, 11798, 0.89, 357.94, 11798, 8.7, 11.7),
(735, 5, 11888, 0.86, 8.73, 11888, 10.1, 11.8),
(736, 5, 11979, 0.99, 32.32, 11979, 11.4, 12.3),
(737, 5, 12070, 1.57, 18.02, 12070, 13.2, 13.1),
(738, 5, 12160, 2.79, 8.37, 12159.9, 16.5, 13.8),
(739, 5, 12250, 3.69, 10.48, 12249.8, 21.5, 14.6),
(740, 5, 12340, 4.32, 11.66, 12339.6, 27.7, 15.8),
(741, 5, 12430, 5.2, 12.21, 12429.3, 35, 17.3),
(742, 5, 12520, 6.07, 11.82, 12518.9, 43.6, 19.1),
(743, 5, 12609, 7.18, 13.17, 12607.3, 53.6, 21.3),
(744, 5, 12699, 7.39, 12.89, 12696.6, 64.7, 23.9),
(745, 5, 12754, 7.7, 12.93, 12751.1, 71.7, 25.5),
(746, 5, 12789, 8.36, 14.22, 12785.8, 76.5, 26.6),
(747, 5, 12833, 8.82, 14.27, 12829.3, 82.9, 28.2),
(748, 5, 12874, 9.23, 13.85, 12869.8, 89.1, 29.8),
(749, 5, 13011, 8.81, 13.01, 13005.1, 110, 34.8),
(750, 5, 13159, 19.32, 28.09, 13148.5, 142.7, 48.9),
(751, 5, 13249, 23.23, 24.16, 13232.4, 172, 63.2),
(752, 5, 13294, 25.43, 23.09, 13273.4, 189, 70.6),
(753, 5, 13339, 27.93, 22.32, 13313.6, 207.6, 78.4),
(754, 5, 13384, 30.41, 22.65, 13352.9, 227.9, 86.8),
(755, 5, 13429, 33.55, 23.28, 13391.1, 249.8, 96.1),
(756, 5, 13474, 36.92, 22.53, 13427.9, 273.7, 106.2),
(757, 5, 13519, 40.62, 21.31, 13463, 299.8, 116.7),
(758, 5, 13564, 43.28, 21.19, 13496.5, 327.8, 127.6),
(759, 5, 13609, 46.03, 21.48, 13528.5, 357.3, 139.1),
(760, 5, 13654, 49.07, 21.85, 13558.9, 388.2, 151.4),
(761, 5, 13699, 52.38, 22.58, 13587.4, 420.4, 164.6),
(762, 5, 13743, 55.69, 23.16, 13613.2, 453.2, 178.4),
(763, 5, 13788, 57.77, 23.33, 13637.9, 487.8, 193.2),
(764, 5, 13833, 60.92, 23.47, 13660.8, 523.3, 208.6),
(765, 5, 13878, 62.97, 23.96, 13682, 559.7, 224.6),
(766, 5, 13923, 65.61, 23.37, 13701.5, 596.8, 240.9),
(767, 5, 13967, 69.27, 23.78, 13718.4, 634, 257.2),
(768, 5, 14012, 71.98, 23.15, 13733.3, 672.9, 274.1),
(769, 5, 14057, 73.92, 23.17, 13746.5, 712.5, 291),
(770, 5, 14102, 77.04, 23.66, 13757.8, 752.5, 308.3),
(771, 5, 14147, 80.13, 23.54, 13766.7, 792.9, 326),
(772, 5, 14192, 82.88, 24.03, 13773.3, 833.6, 343.9),
(773, 5, 14237, 85.87, 24.21, 13777.7, 874.5, 362.2),
(774, 5, 14282, 88.76, 24.07, 13779.8, 915.5, 380.6),
(775, 5, 14327, 90, 23.94, 13780.3, 956.6, 398.9),
(776, 5, 14372, 90, 24.1, 13780.3, 997.7, 417.2),
(777, 5, 14462, 90, 23.89, 13780.3, 1079.9, 453.8),
(778, 5, 14558, 90, 23.99, 13780.3, 1167.6, 492.8),
(779, 5, 14647, 90, 23.04, 13780.3, 1249.2, 528.3),
(780, 5, 14737, 90, 22.64, 13780.3, 1332.1, 563.2),
(781, 5, 14827, 90, 21.33, 13780.3, 1415.6, 596.9),
(782, 5, 14918, 90, 20.53, 13780.3, 1500.6, 629.4),
(783, 5, 15008, 90, 20.11, 13780.3, 1585, 660.7),
(784, 5, 15098, 90, 21.59, 13780.3, 1669.1, 692.7),
(785, 5, 15188, 90, 23.5, 13780.3, 1752.2, 727.2),
(786, 5, 15278, 90, 22.59, 13780.3, 1835, 762.4),
(787, 5, 15368, 90, 21.9, 13780.3, 1918.3, 796.5),
(788, 5, 15458, 90, 21.92, 13780.3, 2001.8, 830.1),
(789, 5, 15548, 90, 21.6, 13780.3, 2085.4, 863.5),
(790, 5, 15638, 90, 22.32, 13780.3, 2168.9, 897.2),
(791, 5, 15728, 90, 23.38, 13780.3, 2251.8, 932.1),
(792, 5, 15817, 89.94, 23.52, 13780.3, 2333.4, 967.5),
(793, 5, 15907, 90, 24.51, 13780.3, 2415.6, 1004.1),
(794, 5, 15998, 90, 24.18, 13780.3, 2498.5, 1041.6),
(795, 5, 16086, 90, 24.75, 13780.3, 2578.6, 1078),
(796, 5, 16300, 92, 24.75, 13776.6, 2772.9, 1167.6),
(797, 5, 16745.4, 92, 24.75, 13761.1, 3177.1, 1354),
(798, 5, 19461.3, 88, 24.75, 13761.1, 5643, 2490.8),
(799, 6, 0, 0, 0, 0, 0, 0),
(800, 6, 213, 0.17, 119.01, 213, -0.2, 0.3),
(801, 6, 304, 0.19, 138.1, 304, -0.4, 0.5),
(802, 6, 394, 0.22, 134.24, 394, -0.6, 0.7),
(803, 6, 485, 0.31, 174.09, 485, -1, 0.9),
(804, 6, 575, 0.53, 160.04, 575, -1.6, 1.1),
(805, 6, 666, 0.33, 154.37, 666, -2.2, 1.4),
(806, 6, 757, 0.45, 159.9, 757, -2.8, 1.6),
(807, 6, 847, 0.36, 159.69, 847, -3.4, 1.8),
(808, 6, 938, 0.2, 142.38, 938, -3.8, 2),
(809, 6, 1028, 0.4, 21.9, 1028, -3.6, 2.2),
(810, 6, 1119, 0.55, 17.5, 1119, -2.9, 2.4),
(811, 6, 1209, 0.53, 7.79, 1209, -2.1, 2.6),
(812, 6, 1389, 1, 21.28, 1389, 0.2, 3.3),
(813, 6, 1479, 1.05, 30.53, 1479, 1.6, 4),
(814, 6, 1569, 0.86, 47.96, 1569, 2.8, 4.9),
(815, 6, 1749, 0.86, 35.12, 1749, 4.8, 6.7),
(816, 6, 1929, 1.13, 47.67, 1929, 7.1, 8.8),
(817, 6, 2018, 1.23, 102.19, 2018, 7.5, 10.4),
(818, 6, 2108, 1.05, 83.86, 2108, 7.4, 12.2),
(819, 6, 2288, 0.75, 81.92, 2288, 7.7, 15),
(820, 6, 2378, 1.85, 78.11, 2378, 8.1, 17),
(821, 6, 2468, 1.53, 83.62, 2468, 8.5, 19.6),
(822, 6, 2558, 0.74, 316.16, 2558, 9.1, 20.4),
(823, 6, 2738, 0.88, 298.12, 2738, 10.6, 18.4),
(824, 6, 2828, 0.57, 260.39, 2828, 10.9, 17.3),
(825, 6, 2873, 0.56, 243.62, 2873, 10.8, 16.9),
(826, 6, 2918, 0.44, 229.36, 2918, 10.6, 16.6),
(827, 6, 2963, 0.4, 246.33, 2963, 10.4, 16.3),
(828, 6, 3008, 0.37, 217.23, 3008, 10.2, 16.1),
(829, 6, 3053, 0.74, 206.91, 3053, 9.8, 15.9),
(830, 6, 3098, 0.94, 180.37, 3098, 9.2, 15.8),
(831, 6, 3125, 0.94, 185.18, 3125, 8.8, 15.8),
(832, 6, 3243, 0.87, 175.78, 3243, 6.9, 15.8),
(833, 6, 3333, 1.06, 170.66, 3333, 5.4, 16),
(834, 6, 3423, 1.01, 171.28, 3423, 3.8, 16.3),
(835, 6, 3514, 1, 159.46, 3514, 2.3, 16.7),
(836, 6, 3604, 0.93, 154.79, 3604, 0.9, 17.3),
(837, 6, 3694, 1.19, 154.36, 3694, -0.6, 18),
(838, 6, 3784, 1.37, 149.98, 3784, -2.4, 18.9),
(839, 6, 3875, 0.62, 148.6, 3875, -3.8, 19.7),
(840, 6, 3964, 0.59, 137.9, 3964, -4.6, 20.3),
(841, 6, 4055, 0.87, 298.12, 4055, -4.6, 20),
(842, 6, 4145, 0.93, 294.25, 4145, -4, 18.7),
(843, 6, 4235, 1.12, 300.61, 4235, -3.3, 17.3),
(844, 6, 4325, 0.89, 295.04, 4325, -2.6, 15.9),
(845, 6, 4415, 1.36, 280.56, 4415, -2.1, 14.2),
(846, 6, 4505, 0.84, 292.4, 4505, -1.7, 12.5),
(847, 6, 4685, 0.78, 290.22, 4685, -0.8, 10.1),
(848, 6, 4775, 0.74, 295.27, 4775, -0.3, 9),
(849, 6, 4866, 0.74, 291.3, 4866, 0.2, 7.9),
(850, 6, 4956, 0.88, 288.93, 4956, 0.6, 6.7),
(851, 6, 5046, 0.96, 294.67, 5046, 1.1, 5.4),
(852, 6, 5136, 1.05, 283.59, 5136, 1.6, 3.9),
(853, 6, 5226, 0.88, 284.33, 5226, 2, 2.4),
(854, 6, 5316, 0.84, 287.43, 5316, 2.4, 1.1),
(855, 6, 5496, 0.87, 291.79, 5496, 3.3, -1.4),
(856, 6, 5587, 0.86, 288.02, 5587, 3.8, -2.7),
(857, 6, 5766, 0.75, 264.26, 5766, 4.1, -5.1),
(858, 6, 5856, 0.77, 256.53, 5856, 3.9, -6.3),
(859, 6, 5946, 0.7, 265.03, 5946, 3.7, -7.4),
(860, 6, 6036, 0.7, 263.37, 6036, 3.6, -8.5),
(861, 6, 6125, 0.68, 267.37, 6125, 3.5, -9.6),
(862, 6, 6215, 0.58, 267.85, 6215, 3.5, -10.6),
(863, 6, 6305, 0.66, 278.87, 6305, 3.6, -11.6),
(864, 6, 6395, 0.61, 284.17, 6395, 3.8, -12.6),
(865, 6, 6485, 0.57, 275.17, 6485, 4, -13.5),
(866, 6, 6575, 0.41, 281.6, 6575, 4.1, -14.3),
(867, 6, 6665, 0.47, 272.99, 6665, 4.2, -15),
(868, 6, 6845, 0.5, 291.82, 6845, 4.5, -16.5),
(869, 6, 6935, 0.67, 298.2, 6935, 4.9, -17.3),
(870, 6, 7028, 0.45, 277.29, 7028, 5.2, -18.1),
(871, 6, 7116, 0.51, 284.48, 7116, 5.3, -18.8),
(872, 6, 7206, 0.5, 284.04, 7206, 5.5, -19.6),
(873, 6, 7296, 0.41, 291.27, 7296, 5.7, -20.3),
(874, 6, 7387, 0.45, 301.62, 7387, 6, -20.9),
(875, 6, 7477, 0.38, 322.63, 7477, 6.4, -21.4),
(876, 6, 7567, 0.56, 323.48, 7567, 7, -21.8),
(877, 6, 7657, 0.55, 339.39, 7657, 7.8, -22.2),
(878, 6, 7747, 0.57, 355.85, 7747, 8.7, -22.4),
(879, 6, 7837, 0.63, 1.17, 7837, 9.6, -22.4),
(880, 6, 7927, 0.68, 357.68, 7927, 10.6, -22.4),
(881, 6, 8017, 0.76, 4.84, 8017, 11.7, -22.4),
(882, 6, 8107, 0.51, 35.89, 8107, 12.6, -22.1),
(883, 6, 8197, 0.62, 81.08, 8197, 13, -21.4),
(884, 6, 8287, 0.86, 88.22, 8287, 13.1, -20.2),
(885, 6, 8377, 0.62, 116.92, 8377, 12.9, -19.1),
(886, 6, 8467, 0.62, 118.71, 8467, 12.4, -18.2),
(887, 6, 8557, 0.68, 111, 8557, 12, -17.3),
(888, 6, 8647, 0.63, 105.88, 8647, 11.7, -16.3),
(889, 6, 8737, 0.62, 123.82, 8737, 11.3, -15.4),
(890, 6, 8826, 0.56, 128.16, 8826, 10.8, -14.7),
(891, 6, 8916, 0.66, 115.76, 8916, 10.3, -13.9),
(892, 6, 9006, 0.75, 103.34, 9006, 9.9, -12.9),
(893, 6, 9096, 1, 117.69, 9096, 9.4, -11.6),
(894, 6, 9187, 0.92, 118.96, 9187, 8.7, -10.3),
(895, 6, 9277, 0.98, 109.97, 9277, 8.1, -8.9),
(896, 6, 9367, 1, 107.89, 9367, 7.6, -7.4),
(897, 6, 9457, 1, 99.69, 9457, 7.2, -5.9),
(898, 6, 9547, 0.75, 122.67, 9547, 6.7, -4.6),
(899, 6, 9637, 0.76, 118.54, 9637, 6.1, -3.6),
(900, 6, 9727, 0.72, 118.23, 9727, 5.5, -2.6),
(901, 6, 9817, 0.86, 107.17, 9817, 5, -1.5),
(902, 6, 9908, 0.93, 99.07, 9908, 4.7, -0.1),
(903, 6, 9998, 0.87, 98.54, 9998, 4.5, 1.3),
(904, 6, 10088, 0.81, 94.43, 10088, 4.3, 2.6),
(905, 6, 10178, 0.96, 93.61, 10178, 4.2, 4),
(906, 6, 10268, 0.86, 88.71, 10268, 4.2, 5.4),
(907, 6, 10358, 0.96, 86.28, 10358, 4.3, 6.8),
(908, 6, 10447, 1.06, 83.67, 10447, 4.4, 8.4),
(909, 6, 10537, 0.8, 95.49, 10537, 4.4, 9.9),
(910, 6, 10628, 0.76, 95.75, 10628, 4.3, 11.1),
(911, 6, 10718, 0.45, 122.89, 10718, 4, 12),
(912, 6, 10808, 0.38, 196.93, 10808, 3.5, 12.2),
(913, 6, 10898, 0.47, 211.28, 10898, 2.9, 11.9),
(914, 6, 10988, 0.31, 201.27, 10988, 2.4, 11.6),
(915, 6, 11078, 0.19, 164.87, 11078, 2, 11.6),
(916, 6, 11168, 0, 139.08, 11168, 1.9, 11.6),
(917, 6, 11258, 0.28, 351.34, 11258, 2.1, 11.6),
(918, 6, 11347, 0.33, 348.29, 11347, 2.6, 11.5),
(919, 6, 11437, 0.45, 2.09, 11437, 3.2, 11.5),
(920, 6, 11528, 0.74, 3.53, 11528, 4.1, 11.5),
(921, 6, 11618, 1.07, 4.05, 11618, 5.5, 11.6),
(922, 6, 11708, 1.08, 1.89, 11708, 7.2, 11.7),
(923, 6, 11798, 0.89, 357.94, 11798, 8.7, 11.7),
(924, 6, 11888, 0.86, 8.73, 11888, 10.1, 11.8),
(925, 6, 11979, 0.99, 32.32, 11979, 11.4, 12.3),
(926, 6, 12070, 1.57, 18.02, 12070, 13.2, 13.1),
(927, 6, 12160, 2.79, 8.37, 12159.9, 16.5, 13.8),
(928, 6, 12250, 3.69, 10.48, 12249.8, 21.5, 14.6),
(929, 6, 12340, 4.32, 11.66, 12339.6, 27.7, 15.8),
(930, 6, 12430, 5.2, 12.21, 12429.3, 35, 17.3),
(931, 6, 12520, 6.07, 11.82, 12518.9, 43.6, 19.1),
(932, 6, 12609, 7.18, 13.17, 12607.3, 53.6, 21.3),
(933, 6, 12699, 7.39, 12.89, 12696.6, 64.7, 23.9),
(934, 6, 12754, 7.7, 12.93, 12751.1, 71.7, 25.5),
(935, 6, 12789, 8.36, 14.22, 12785.8, 76.5, 26.6),
(936, 6, 12833, 8.82, 14.27, 12829.3, 82.9, 28.2),
(937, 6, 12874, 9.23, 13.85, 12869.8, 89.1, 29.8),
(938, 6, 13011, 8.81, 13.01, 13005.1, 110, 34.8),
(939, 6, 13159, 19.32, 28.09, 13148.5, 142.7, 48.9),
(940, 6, 13249, 23.23, 24.16, 13232.4, 172, 63.2),
(941, 6, 13294, 25.43, 23.09, 13273.4, 189, 70.6),
(942, 6, 13339, 27.93, 22.32, 13313.6, 207.6, 78.4),
(943, 6, 13384, 30.41, 22.65, 13352.9, 227.9, 86.8),
(944, 6, 13429, 33.55, 23.28, 13391.1, 249.8, 96.1),
(945, 6, 13474, 36.92, 22.53, 13427.9, 273.7, 106.2),
(946, 6, 13519, 40.62, 21.31, 13463, 299.8, 116.7),
(947, 6, 13564, 43.28, 21.19, 13496.5, 327.8, 127.6),
(948, 6, 13609, 46.03, 21.48, 13528.5, 357.3, 139.1),
(949, 6, 13654, 49.07, 21.85, 13558.9, 388.2, 151.4),
(950, 6, 13699, 52.38, 22.58, 13587.4, 420.4, 164.6),
(951, 6, 13743, 55.69, 23.16, 13613.2, 453.2, 178.4),
(952, 6, 13788, 57.77, 23.33, 13637.9, 487.8, 193.2),
(953, 6, 13833, 60.92, 23.47, 13660.8, 523.3, 208.6),
(954, 6, 13878, 62.97, 23.96, 13682, 559.7, 224.6),
(955, 6, 13923, 65.61, 23.37, 13701.5, 596.8, 240.9),
(956, 6, 13967, 69.27, 23.78, 13718.4, 634, 257.2),
(957, 6, 14012, 71.98, 23.15, 13733.3, 672.9, 274.1),
(958, 6, 14057, 73.92, 23.17, 13746.5, 712.5, 291),
(959, 6, 14102, 77.04, 23.66, 13757.8, 752.5, 308.3),
(960, 6, 14147, 80.13, 23.54, 13766.7, 792.9, 326),
(961, 6, 14192, 82.88, 24.03, 13773.3, 833.6, 343.9),
(962, 6, 14237, 85.87, 24.21, 13777.7, 874.5, 362.2),
(963, 6, 14282, 88.76, 24.07, 13779.8, 915.5, 380.6),
(964, 6, 14327, 90, 23.94, 13780.3, 956.6, 398.9),
(965, 6, 14372, 90, 24.1, 13780.3, 997.7, 417.2),
(966, 6, 14462, 90, 23.89, 13780.3, 1079.9, 453.8),
(967, 6, 14558, 90, 23.99, 13780.3, 1167.6, 492.8),
(968, 6, 14647, 90, 23.04, 13780.3, 1249.2, 528.3),
(969, 6, 14737, 90, 22.64, 13780.3, 1332.1, 563.2),
(970, 6, 14827, 90, 21.33, 13780.3, 1415.6, 596.9),
(971, 6, 14918, 90, 20.53, 13780.3, 1500.6, 629.4),
(972, 6, 15008, 90, 20.11, 13780.3, 1585, 660.7),
(973, 6, 15098, 90, 21.59, 13780.3, 1669.1, 692.7),
(974, 6, 15188, 90, 23.5, 13780.3, 1752.2, 727.2),
(975, 6, 15278, 90, 22.59, 13780.3, 1835, 762.4),
(976, 6, 15368, 90, 21.9, 13780.3, 1918.3, 796.5),
(977, 6, 15458, 90, 21.92, 13780.3, 2001.8, 830.1),
(978, 6, 15548, 90, 21.6, 13780.3, 2085.4, 863.5),
(979, 6, 15638, 90, 22.32, 13780.3, 2168.9, 897.2),
(980, 6, 15728, 90, 23.38, 13780.3, 2251.8, 932.1),
(981, 6, 15817, 89.94, 23.52, 13780.3, 2333.4, 967.5),
(982, 6, 15907, 90, 24.51, 13780.3, 2415.6, 1004.1),
(983, 6, 15998, 90, 24.18, 13780.3, 2498.5, 1041.6),
(984, 6, 16086, 90, 24.75, 13780.3, 2578.6, 1078),
(985, 6, 16300, 92, 24.75, 13776.6, 2772.9, 1167.6),
(986, 6, 16745.4, 92, 24.75, 13761.1, 3177.1, 1354),
(987, 6, 19461.3, 88, 24.75, 13761.1, 5643, 2490.8),
(988, 0, 0, 0, 0, 0, 0, 0),
(989, 11, 0, 0, 0, 0, 0, 0),
(990, 0, 1, 1, 1, 1, 1, NULL),
(991, 0, 2, 2, 2, 2, 2, NULL),
(992, 0, 1, 1, 1, 1, 1, NULL),
(993, 0, 1, 1, 1, 1, 1, NULL),
(994, 0, 1, 1, 1, 1, 1, NULL),
(995, 0, 1, 1, 1, 1, 1, NULL),
(1002, 3, 1, 1, 1, 1, 1, 1),
(998, 11, 1, 1, 1, 1, 1, 1);

-- --------------------------------------------------------

--
-- Table structure for table `temperature`
--

CREATE TABLE `temperature` (
  `TempID` int(11) NOT NULL,
  `ProjectID` int(11) DEFAULT 0,
  `TVD` float DEFAULT 0,
  `TG` float DEFAULT 0,
  `Temperature` float DEFAULT 0
) ENGINE=MyISAM DEFAULT CHARSET=utf8;

--
-- Dumping data for table `temperature`
--

INSERT INTO `temperature` (`TempID`, `ProjectID`, `TVD`, `TG`, `Temperature`) VALUES
(1, 1, 0, 0.015, 60),
(14, 1, NULL, NULL, NULL),
(3, 2, 0, 0.015, 70),
(4, 2, 10000, 0.015, 260),
(5, 3, 20, 0.02, 80),
(6, 3, 9000, 0.02, 360),
(7, 4, 0, 0.012, 67),
(8, 4, 10200, 0.015, 320),
(9, 5, 0, 0.015, 90),
(10, 5, 18000, 0.014, 330),
(11, 6, 20, 0.012, 56),
(12, 6, 5000, 0.011, 130);

-- --------------------------------------------------------

--
-- Table structure for table `unit_concept`
--

CREATE TABLE `unit_concept` (
  `id` int(11) NOT NULL,
  `concept` text NOT NULL
) ENGINE=InnoDB DEFAULT CHARSET=utf8mb4;

--
-- Dumping data for table `unit_concept`
--

INSERT INTO `unit_concept` (`id`, `concept`) VALUES
(1, 'Pressure'),
(2, 'Temperature'),
(3, 'Density'),
(4, 'Flow'),
(5, 'Length');

-- --------------------------------------------------------

--
-- Table structure for table `unit_type`
--

CREATE TABLE `unit_type` (
  `id` int(11) NOT NULL,
  `unit` text NOT NULL
) ENGINE=InnoDB DEFAULT CHARSET=utf8mb4;

--
-- Dumping data for table `unit_type`
--

INSERT INTO `unit_type` (`id`, `unit`) VALUES
(1, 'Imperial'),
(2, 'Metric'),
(3, 'Custrom');

-- --------------------------------------------------------

--
-- Table structure for table `users`
--

CREATE TABLE `users` (
  `id` bigint(20) UNSIGNED NOT NULL,
  `name` varchar(255) COLLATE utf8mb4_unicode_ci NOT NULL,
  `email` varchar(255) COLLATE utf8mb4_unicode_ci NOT NULL,
  `email_verified_at` timestamp NULL DEFAULT NULL,
  `password` varchar(255) COLLATE utf8mb4_unicode_ci NOT NULL,
  `role` tinyint(1) NOT NULL DEFAULT 0,
  `remember_token` varchar(100) COLLATE utf8mb4_unicode_ci DEFAULT NULL,
  `created_at` timestamp NULL DEFAULT NULL,
  `updated_at` timestamp NULL DEFAULT NULL
) ENGINE=InnoDB DEFAULT CHARSET=utf8mb4 COLLATE=utf8mb4_unicode_ci;

--
-- Dumping data for table `users`
--

INSERT INTO `users` (`id`, `name`, `email`, `email_verified_at`, `password`, `role`, `remember_token`, `created_at`, `updated_at`) VALUES
(1, 'admin', 'admin@exam.com', NULL, '$2y$10$Y2febxehSWNSyYKpzsJw3OGMwI1x0nO3IhWFB2fsgHHHS7axJYAVS', 1, NULL, '2022-07-25 11:32:28', '2022-07-25 11:32:28'),
(2, 'user', 'user@exam.com', NULL, '$2y$10$HV3whHB0YEzZ2NFsoMz/.O8O0MN0XXG3akwI9aBfv5BOIpEeHGK5S', 0, NULL, '2022-07-25 23:51:17', '2022-07-25 23:51:17');

-- --------------------------------------------------------

--
-- Table structure for table `wellbore`
--

CREATE TABLE `wellbore` (
  `WellboreID` int(11) NOT NULL,
  `ProjectID` int(11) NOT NULL DEFAULT 0,
  `RiserDescription` varchar(255) DEFAULT NULL,
  `RiserOD` float DEFAULT 0,
  `RiserID` float DEFAULT 0,
  `RiserTop` float DEFAULT 0,
  `RiserBottom` float DEFAULT 0,
  `RiserWeight` float DEFAULT 0,
  `RiserActive` tinyint(1) DEFAULT 0,
  `CsgDescription` varchar(255) DEFAULT NULL,
  `CsgOD` float DEFAULT 0,
  `CsgID` float DEFAULT 0,
  `CsgTop` float DEFAULT 0,
  `CsgBottom` float NOT NULL DEFAULT 0,
  `CsgWeight` float DEFAULT 0,
  `L1Description` varchar(255) DEFAULT NULL,
  `L2Description` varchar(255) DEFAULT NULL,
  `HoleDescription` varchar(255) DEFAULT NULL,
  `HoleID` float DEFAULT 0
) ENGINE=MyISAM DEFAULT CHARSET=utf8;

--
-- Dumping data for table `wellbore`
--

INSERT INTO `wellbore` (`WellboreID`, `ProjectID`, `RiserDescription`, `RiserOD`, `RiserID`, `RiserTop`, `RiserBottom`, `RiserWeight`, `RiserActive`, `CsgDescription`, `CsgOD`, `CsgID`, `CsgTop`, `CsgBottom`, `CsgWeight`, `L1Description`, `L2Description`, `HoleDescription`, `HoleID`) VALUES
(1, 1, 'Riser20\"', 18.2, 16, 0, 0, 20, 1, 'CSG16\"', 14.3, 14, 1000, 0, 20, 'Liner12\"', 'Liner2', 'Hole 8.5\"', 8.5),
(2, 2, NULL, 0, 0, 0, 0, 0, 0, 'CSG12 1/4\"', 13, 12.25, 0, 0, 20, NULL, NULL, 'Hole 8.75\"', 8.75),
(3, 3, 'Riser22\"', 22.2, 20, 0, 0, 45, 1, 'CSG15.5\"', 12, 11.5, 2950, 0, 20, NULL, NULL, 'Hole 6.5\"', 6.5),
(4, 4, NULL, 0, NULL, NULL, 0, NULL, 0, 'CSG16\"', 14.5, 12.25, 0, 0, 20, 'Liner 11\"', 'Liner2', 'Hole 8.25\"', 8.25),
(5, 5, 'Riser19\"', 19.2, 19, 0, 0, 30, 1, 'CSG16\"', 13.675, 13.25, 1500, 0, 20, 'Liner 12.25\"', NULL, 'Hole 6.25\"', 6.25),
(6, 6, NULL, NULL, NULL, NULL, 0, NULL, 0, 'CSG16\"', 12.678, 12.67, 0, 0, 20, 'Liner 14\"', 'Liner2', 'Hole 6\"', 6);

-- --------------------------------------------------------

--
-- Table structure for table `wellinfo`
--

CREATE TABLE `wellinfo` (
  `ProjectID` int(11) NOT NULL,
  `UserID` int(11) DEFAULT 0,
  `project_name` varchar(255) DEFAULT NULL,
  `location` varchar(255) DEFAULT NULL,
  `field` varchar(255) DEFAULT NULL,
  `lease` varchar(255) DEFAULT NULL,
  `operator` varchar(255) DEFAULT NULL,
  `rigcontroller` varchar(255) DEFAULT NULL,
  `rigtype` int(11) DEFAULT 0,
  `wellname` varchar(255) DEFAULT NULL,
  `rigname` varchar(255) DEFAULT NULL,
  `created_at` timestamp NULL DEFAULT NULL ON UPDATE current_timestamp(),
  `updated_at` timestamp NULL DEFAULT NULL
) ENGINE=MyISAM DEFAULT CHARSET=utf8;

--
-- Dumping data for table `wellinfo`
--

INSERT INTO `wellinfo` (`ProjectID`, `UserID`, `project_name`, `location`, `field`, `lease`, `operator`, `rigcontroller`, `rigtype`, `wellname`, `rigname`, `created_at`, `updated_at`) VALUES
(1, 1, 'Project#1', 'LocationX', 'FieldX', 'LeaseX', 'OperatorX', 'RigCX', 1, 'Well#1', 'RigX', '2022-07-29 17:31:20', '2022-07-29 15:31:20'),
(2, 1, 'Project#2', 'LocationX2', 'FieldX2', 'LeaseX2', 'OperatorX2', 'RigCX2', 0, 'Well#2', 'RigX1', '2022-07-28 16:14:49', NULL),
(3, 2, 'Project#3', 'LocationX3', 'FieldX3', 'LeaseX3', 'OperatorX3', 'RigCX3', 1, 'Well#3', 'RigX3', '2022-07-29 18:53:13', '2022-07-29 16:53:13'),
(4, 2, 'Project#4', 'LocationX4', 'FieldX4', 'LeaseX4', 'OperatorX4', 'RigCX4', 1, 'Well#4', 'RigX4', '2022-07-29 17:30:52', '2022-07-29 15:30:52'),
(5, 3, 'Project#5', 'LocationX5', 'FieldX5', 'LeaseX5', 'OperatorX5', 'RigCX5', 0, 'Well#5', 'RigX5', '2022-07-28 16:14:49', NULL),
(6, 3, 'Project#6', 'LocationX6', 'FieldX6', 'LeaseX6', 'OperatorX6', 'RigCX6', 0, 'Well#6', 'RigX6', '2022-07-28 16:14:49', NULL),
(7, 2, 'Project#7', 'LocationX7', 'FieldX7', 'LeaseX7', 'OperatorX7', 'RigCX7', 0, 'Well#7', 'RigX7', '2022-07-28 18:37:43', '2022-07-28 16:37:43'),
(8, 2, 'Project#8', 'LocationX7', 'FieldX7', 'LeaseX7', 'OperatorX8', 'RigCX8', 0, 'Well#7', 'RigX7', '2022-07-28 17:12:50', '2022-07-28 15:12:50'),
(9, 2, 'Project#9', 'LocationX9', 'FieldX9', 'LeaseX9', 'OperatorX9', 'RigCX9', 1, 'Well#9', 'RigX9', '2022-07-28 16:45:10', '2022-07-28 16:45:10'),
(10, 2, 'project#10', 'LocationX10', 'FieldX10', 'LeaseX10', 'OperatorX10', 'RigCX10', 1, 'Well#10', 'RigX10', '2022-07-30 00:48:47', '2022-07-30 00:48:47'),
(11, 2, 'project#11', 'LocationX11', 'FieldX11', 'LeaseX11', 'OperatorX11', 'RigCX11', 0, 'Well#11', 'RigX11', '2022-07-30 00:51:08', '2022-07-30 00:51:08');

--
-- Indexes for dumped tables
--

--
-- Indexes for table `drillstring`
--
ALTER TABLE `drillstring`
  ADD PRIMARY KEY (`DS_ID`),
  ADD KEY `DS_ID` (`DS_ID`),
  ADD KEY `ProjectID` (`ProjectID`);

--
-- Indexes for table `ds_comp`
--
ALTER TABLE `ds_comp`
  ADD PRIMARY KEY (`Comp_ID`),
  ADD KEY `Comp_ID` (`Comp_ID`),
  ADD KEY `DS_ID` (`DS_ID`),
  ADD KEY `ID` (`ID`);

--
-- Indexes for table `failed_jobs`
--
ALTER TABLE `failed_jobs`
  ADD PRIMARY KEY (`id`),
  ADD UNIQUE KEY `failed_jobs_uuid_unique` (`uuid`);

--
-- Indexes for table `fgpressure`
--
ALTER TABLE `fgpressure`
  ADD PRIMARY KEY (`FG_ID`),
  ADD KEY `ProjectID` (`ProjectID`),
  ADD KEY `FG_ID` (`FG_ID`);

--
-- Indexes for table `fluids`
--
ALTER TABLE `fluids`
  ADD PRIMARY KEY (`FluidID`),
  ADD KEY `FluidID` (`FluidID`),
  ADD KEY `ProjectID` (`ProjectID`),
  ADD KEY `SampleID` (`SampleID`);

--
-- Indexes for table `lithology`
--
ALTER TABLE `lithology`
  ADD PRIMARY KEY (`LithoID`),
  ADD KEY `LithoID` (`LithoID`),
  ADD KEY `ProjectID` (`ProjectID`);

--
-- Indexes for table `migrations`
--
ALTER TABLE `migrations`
  ADD PRIMARY KEY (`id`);

--
-- Indexes for table `password_resets`
--
ALTER TABLE `password_resets`
  ADD KEY `password_resets_email_index` (`email`);

--
-- Indexes for table `personal_access_tokens`
--
ALTER TABLE `personal_access_tokens`
  ADD PRIMARY KEY (`id`),
  ADD UNIQUE KEY `personal_access_tokens_token_unique` (`token`),
  ADD KEY `personal_access_tokens_tokenable_type_tokenable_id_index` (`tokenable_type`,`tokenable_id`);

--
-- Indexes for table `porepressure`
--
ALTER TABLE `porepressure`
  ADD PRIMARY KEY (`PP_ID`),
  ADD KEY `PP_ID` (`PP_ID`);

--
-- Indexes for table `samples`
--
ALTER TABLE `samples`
  ADD PRIMARY KEY (`SampleID`),
  ADD KEY `FluidID` (`FluidID`),
  ADD KEY `SampleID` (`SampleID`);

--
-- Indexes for table `standard_unit`
--
ALTER TABLE `standard_unit`
  ADD PRIMARY KEY (`id`);

--
-- Indexes for table `surfpiping`
--
ALTER TABLE `surfpiping`
  ADD PRIMARY KEY (`SurfID`),
  ADD KEY `ID` (`ID`),
  ADD KEY `ProjectID` (`ProjectID`),
  ADD KEY `SurfID` (`SurfID`);

--
-- Indexes for table `survey`
--
ALTER TABLE `survey`
  ADD PRIMARY KEY (`id`),
  ADD KEY `ProjectID` (`ProjectID`);

--
-- Indexes for table `temperature`
--
ALTER TABLE `temperature`
  ADD PRIMARY KEY (`TempID`),
  ADD KEY `ProjectID` (`ProjectID`),
  ADD KEY `TempID` (`TempID`);

--
-- Indexes for table `unit_concept`
--
ALTER TABLE `unit_concept`
  ADD PRIMARY KEY (`id`);

--
-- Indexes for table `unit_type`
--
ALTER TABLE `unit_type`
  ADD PRIMARY KEY (`id`);

--
-- Indexes for table `users`
--
ALTER TABLE `users`
  ADD PRIMARY KEY (`id`),
  ADD UNIQUE KEY `users_email_unique` (`email`);

--
-- Indexes for table `wellbore`
--
ALTER TABLE `wellbore`
  ADD PRIMARY KEY (`ProjectID`),
  ADD KEY `ProjectID` (`ProjectID`),
  ADD KEY `RiserID` (`RiserID`),
  ADD KEY `CsgID` (`CsgID`),
  ADD KEY `WellboreID` (`WellboreID`);

--
-- Indexes for table `wellinfo`
--
ALTER TABLE `wellinfo`
  ADD PRIMARY KEY (`ProjectID`),
  ADD KEY `UserID` (`UserID`),
  ADD KEY `ProjectID` (`ProjectID`);

--
-- AUTO_INCREMENT for dumped tables
--

--
-- AUTO_INCREMENT for table `drillstring`
--
ALTER TABLE `drillstring`
  MODIFY `DS_ID` int(11) NOT NULL AUTO_INCREMENT, AUTO_INCREMENT=9;

--
-- AUTO_INCREMENT for table `ds_comp`
--
ALTER TABLE `ds_comp`
  MODIFY `Comp_ID` int(11) NOT NULL AUTO_INCREMENT, AUTO_INCREMENT=40;

--
-- AUTO_INCREMENT for table `failed_jobs`
--
ALTER TABLE `failed_jobs`
  MODIFY `id` bigint(20) UNSIGNED NOT NULL AUTO_INCREMENT;

--
-- AUTO_INCREMENT for table `fgpressure`
--
ALTER TABLE `fgpressure`
  MODIFY `FG_ID` int(11) NOT NULL AUTO_INCREMENT, AUTO_INCREMENT=490;

--
-- AUTO_INCREMENT for table `fluids`
--
ALTER TABLE `fluids`
  MODIFY `FluidID` int(11) NOT NULL AUTO_INCREMENT, AUTO_INCREMENT=10;

--
-- AUTO_INCREMENT for table `lithology`
--
ALTER TABLE `lithology`
  MODIFY `LithoID` int(11) NOT NULL AUTO_INCREMENT, AUTO_INCREMENT=44;

--
-- AUTO_INCREMENT for table `migrations`
--
ALTER TABLE `migrations`
  MODIFY `id` int(10) UNSIGNED NOT NULL AUTO_INCREMENT, AUTO_INCREMENT=12;

--
-- AUTO_INCREMENT for table `personal_access_tokens`
--
ALTER TABLE `personal_access_tokens`
  MODIFY `id` bigint(20) UNSIGNED NOT NULL AUTO_INCREMENT;

--
-- AUTO_INCREMENT for table `porepressure`
--
ALTER TABLE `porepressure`
  MODIFY `PP_ID` int(11) NOT NULL AUTO_INCREMENT, AUTO_INCREMENT=75;

--
-- AUTO_INCREMENT for table `samples`
--
ALTER TABLE `samples`
  MODIFY `SampleID` int(11) NOT NULL AUTO_INCREMENT, AUTO_INCREMENT=7;

--
-- AUTO_INCREMENT for table `standard_unit`
--
ALTER TABLE `standard_unit`
  MODIFY `id` int(11) NOT NULL AUTO_INCREMENT, AUTO_INCREMENT=26;

--
-- AUTO_INCREMENT for table `surfpiping`
--
ALTER TABLE `surfpiping`
  MODIFY `SurfID` int(11) NOT NULL AUTO_INCREMENT, AUTO_INCREMENT=8;

--
-- AUTO_INCREMENT for table `survey`
--
ALTER TABLE `survey`
  MODIFY `id` int(11) NOT NULL AUTO_INCREMENT, AUTO_INCREMENT=1004;

--
-- AUTO_INCREMENT for table `temperature`
--
ALTER TABLE `temperature`
  MODIFY `TempID` int(11) NOT NULL AUTO_INCREMENT, AUTO_INCREMENT=15;

--
-- AUTO_INCREMENT for table `unit_concept`
--
ALTER TABLE `unit_concept`
  MODIFY `id` int(11) NOT NULL AUTO_INCREMENT, AUTO_INCREMENT=6;

--
-- AUTO_INCREMENT for table `unit_type`
--
ALTER TABLE `unit_type`
  MODIFY `id` int(11) NOT NULL AUTO_INCREMENT, AUTO_INCREMENT=4;

--
-- AUTO_INCREMENT for table `users`
--
ALTER TABLE `users`
  MODIFY `id` bigint(20) UNSIGNED NOT NULL AUTO_INCREMENT, AUTO_INCREMENT=3;

--
-- AUTO_INCREMENT for table `wellbore`
--
ALTER TABLE `wellbore`
  MODIFY `WellboreID` int(11) NOT NULL AUTO_INCREMENT, AUTO_INCREMENT=7;

--
-- AUTO_INCREMENT for table `wellinfo`
--
ALTER TABLE `wellinfo`
  MODIFY `ProjectID` int(11) NOT NULL AUTO_INCREMENT, AUTO_INCREMENT=12;
COMMIT;

/*!40101 SET CHARACTER_SET_CLIENT=@OLD_CHARACTER_SET_CLIENT */;
/*!40101 SET CHARACTER_SET_RESULTS=@OLD_CHARACTER_SET_RESULTS */;
/*!40101 SET COLLATION_CONNECTION=@OLD_COLLATION_CONNECTION */;
